State,Year,Forecasted_CVD_DALY,Lower_80,Upper_80,Lower_95,Upper_95
Andhra Pradesh,2020,3225936.9053021916,3188190.5365841524,3263683.274020231,3168208.815989541,3283664.9946148423
Andhra Pradesh,2021,3278441.675318734,3225060.2487473474,3331823.10189012,3196801.828482898,3360081.5221545696
Andhra Pradesh,2022,3330946.4453352755,3265567.8169144033,3396325.0737561476,3230958.461621891,3430934.42904866
Andhra Pradesh,2023,3383451.2153518177,3307958.4779157396,3458943.9527878957,3267995.0367265167,3498907.3939771187
Andhra Pradesh,2024,3435955.98536836,3351552.539011053,3520359.431725667,3306872.053454094,3565039.9172826256
Andhra Pradesh,2025,3488460.7553849015,3396001.412382753,3580920.09838705,3347056.392743093,3629865.11802671
Andhra Pradesh,2026,3540965.5254014437,3441098.0208777646,3640833.029925123,3388231.3574172445,3693699.693385643
Andhra Pradesh,2027,3593470.295417986,3486707.442275213,3700233.1485607587,3430190.601746314,3756749.9890896576
Andhra Pradesh,2028,3645975.0654345276,3532735.9592804103,3759214.171588645,3472790.797496576,3819159.3333724793
Andhra Pradesh,2029,3698479.8354510698,3579115.336901536,3817844.3340006033,3515927.5882534697,3881032.08264867
Andhra Pradesh,2030,3750984.605467612,3625794.0632314677,3876175.147703756,3559522.1933534243,3942447.0175817995
Arunachal Pradesh,2020,37870.52673843023,37502.00925102008,38239.04422584038,37306.927877162285,38434.12559969817
Arunachal Pradesh,2021,38538.673541572854,38017.51111290576,39059.83597023995,37741.6243882297,39335.72269491601
Arunachal Pradesh,2022,39206.82034471548,38568.52933304348,39845.11135638748,38230.63848191144,40183.00220751952
Arunachal Pradesh,2023,39874.967147858115,39137.932173037814,40612.002122678416,38747.76942532223,41002.164870394
Arunachal Pradesh,2024,40543.113951000734,39719.083798254214,41367.144103747254,39282.86858516414,41803.359316837326
Arunachal Pradesh,2025,41211.26075414337,40308.58094869598,42113.94055959076,39830.73112442326,42591.790383863474
Arunachal Pradesh,2026,41879.407557285995,40904.401931820365,42854.413182751625,40388.26513117182,43370.54998340017
Arunachal Pradesh,2027,42547.55436042862,41505.22950309444,43589.879217762806,40953.45605374231,44141.65266711493
Arunachal Pradesh,2028,43215.70116357125,42110.1487013408,44321.2536258017,41524.90457976742,44906.49774737508
Arunachal Pradesh,2029,43883.847966713874,42718.493348895376,45049.20258453237,42101.59187842992,45666.10405499783
Arunachal Pradesh,2030,44551.9947698565,43329.76053543251,45774.22900428049,42682.748814759165,46421.24072495384
Assam,2020,1543622.66449278,1508721.4769311768,1578523.8520543834,1490245.9042612473,1596999.424724313
Assam,2021,1543622.66449278,1494264.9317002336,1592980.3972853266,1468136.5262578097,1619108.8027277505
Assam,2022,1543622.66449278,1483172.0343915925,1604073.2945939677,1451171.4038283436,1636073.9251572166
Assam,2023,1543622.66449278,1473820.2893695738,1613425.0396159864,1436869.1440297146,1650376.1849558456
Assam,2024,1543622.66449278,1465581.236609565,1621664.0923759951,1424268.6001963655,1662976.7287891947
Assam,2025,1543622.66449278,1458132.5635496813,1629112.765435879,1412876.8378026437,1674368.4911829166
Assam,2026,1543622.66449278,1451282.8017439572,1635962.527241603,1402401.0311298221,1684844.297855738
Assam,2027,1543622.66449278,1444907.1989076873,1642338.130077873,1392650.388022839,1694594.9409627211
Assam,2028,1543622.66449278,1438919.1018079706,1648326.2271775897,1383492.383798182,1703752.9451873782
Assam,2029,1543622.66449278,1433255.4187533758,1653989.9102321845,1374830.52804044,1712414.8009451202
Assam,2030,1543622.66449278,1427868.5206131234,1659376.8083724368,1366591.9782800225,1720653.3507055377
Bihar,2020,4778531.167219222,4669943.031259836,4887119.3031786075,4612459.944374363,4944602.39006408
Bihar,2021,4770167.420074793,4527356.966519617,5012977.873629969,4398820.876687172,5141513.963462413
Bihar,2022,4761803.672930364,4355504.071901914,5168103.273958813,4140422.055242316,5383185.290618411
Bihar,2023,4753439.925785935,4158678.2103619985,5348201.641209871,3843830.3767399695,5663049.4748319
Bihar,2024,4745076.178641506,3939765.009022969,5550387.348260042,3513459.0270293355,5976693.330253676
Bihar,2025,4736712.4314970765,3700847.6344925626,5772577.228501591,3152493.934507473,6320930.928486681
Bihar,2026,4728348.6843526475,3443516.532685056,6013180.836020239,2763367.476298446,6693329.892406849
Bihar,2027,4719984.9372082185,3169036.134922548,6270933.739493889,2348013.4332339177,7091956.441182519
Bihar,2028,4711621.1900637895,2878442.4665692095,6544799.9135583695,1908016.2693771683,7515226.110750411
Bihar,2029,4703257.4429193605,2572604.360086159,6833910.525752562,1444704.7493118267,7961810.136526894
Bihar,2030,4694893.695774931,2252263.978606598,7137523.4129432645,959213.9136018772,8430573.477947986
Chhattisgarh,2020,2006516.9320803594,1970236.4065920236,2042797.4575686953,1951030.6565303719,2062003.207630347
Chhattisgarh,2021,2015974.671246069,1934848.9499947364,2097100.3924974017,1891903.5872980123,2140045.7551941257
Chhattisgarh,2022,2025432.4104117786,1889683.1142223065,2161181.706601251,1817821.7776355932,2233043.043187964
Chhattisgarh,2023,2034890.1495774882,1836173.5274964615,2233606.771658515,1730979.3020707325,2338800.9970842437
Chhattisgarh,2024,2044347.8887431978,1775284.3105055657,2313411.46698083,1632850.6559548066,2455845.121531589
Chhattisgarh,2025,2053805.6279089074,1707711.472795605,2399899.78302221,1524500.29403135,2583110.961786465
Chhattisgarh,2026,2063263.367074617,1633986.400351069,2492540.333798165,1406740.9010330648,2719785.833116169
Chhattisgarh,2027,2072721.1062403265,1554531.5539905764,2590910.6584900767,1280218.5750270397,2865223.6374536133
Chhattisgarh,2028,2082178.8454060361,1469693.0815165485,2694664.6092955237,1145462.7033936293,3018894.987418443
Chhattisgarh,2029,2091636.5845717457,1379761.2696898011,2803511.8994536903,1002917.2414224092,3180355.9277210822
Chhattisgarh,2030,2101094.3237374555,1284984.0836147426,2917204.5638601687,852961.4190149535,3349227.2284599575
Delhi,2020,763372.741699862,739875.3217294494,786870.1616702745,727436.5389673173,799308.9444324066
Delhi,2021,757959.0891165009,730283.2308617759,785634.9473712259,715632.5164846417,800285.6617483601
Delhi,2022,754590.1061253066,725456.5949220292,783723.617328584,710034.2456848782,799145.9665657349
Delhi,2023,752493.5463220712,722814.7511042161,782172.3415399264,707103.7459461369,797883.3466980056
Delhi,2024,751188.8312136746,721301.5347066051,781076.1277207441,705480.1556332012,796897.506794148
Delhi,2025,750376.890857167,720409.237177043,780344.5445372909,704545.3195857821,796208.4621285518
Delhi,2026,749871.6103263575,719872.8943298387,779870.3263228764,703992.5333415491,795750.687311166
Delhi,2027,749557.1679996906,719546.4310528554,779567.9049465258,703659.7065578589,795454.6294415224
Delhi,2028,749361.4866488946,719346.0956095335,779376.8776882557,703456.9073867762,795266.065911013
Delhi,2029,749239.711722932,719222.5184744772,779256.9049713869,703332.3762198545,795147.0472260097
Delhi,2030,749163.929679662,719146.0385139076,779181.8208454164,703255.5268041836,795072.3325551404
Goa,2020,95078.31574133135,93657.82961228547,96498.80187037722,92905.8696780428,97250.76180461989
Goa,2021,96576.94316721968,94568.07241836014,98585.81391607922,93504.640480993,99649.24585344637
Goa,2022,98075.57059310802,95615.21644615372,100535.92474006231,94312.78363478927,101838.35755142676
Goa,2023,99574.19801899637,96733.2257609046,102415.17027708812,95229.30589241929,103919.09014557344
Goa,2024,101072.8254448847,97896.52189924258,104249.12899052682,96215.08836991971,105930.56251984969
Goa,2025,102571.45287077304,99091.98666790938,106050.91907363669,97250.06852199807,107892.837219548
Goa,2026,104070.08029666138,100311.8272583892,107828.33333493357,98322.32827649862,109817.83231682415
Goa,2027,105568.70772254972,101550.96622483064,109586.4492202688,99424.10235009633,111713.3130950031
Goa,2028,107067.33514843805,102805.87676130043,111328.79353557568,100549.99695857243,113584.67333830368
Goa,2029,108565.9625743264,104073.99102186557,113057.93412678724,101696.08492046832,115435.84022818449
Goa,2030,110064.59000021474,105353.37049026521,114775.80951016427,102859.40153100197,117269.7784694275
Gujarat,2020,4674353.9715549415,4572088.258033032,4776619.685076851,4517952.059415685,4830755.883694198
Gujarat,2021,4806078.912075503,4661453.353047057,4950704.471103949,4584893.206747081,5027264.6174039245
Gujarat,2022,4937803.852596063,4760674.440903832,5114933.264288294,4666907.794369947,5208699.910822179
Gujarat,2023,5069528.7931166245,4864997.366072806,5274060.220160443,4756724.9688381115,5382332.617395137
Gujarat,2024,5201253.733637186,4972580.646434677,5429926.820839695,4851528.4262828585,5550979.040991513
Gujarat,2025,5332978.674157746,5082479.857847426,5583477.490468066,4949873.794620961,5716083.553694531
Gujarat,2026,5464703.614678307,5194133.969050759,5735273.260305855,5050903.050582861,5878504.178773754
Gujarat,2027,5596428.555198869,5307177.437141976,5885679.673255761,5154057.144542025,6038799.965855712
Gujarat,2028,5728153.495719429,5421356.3551537,6034950.636285158,5258947.75930166,6197359.232137199
Gujarat,2029,5859878.43623999,5536485.854968477,6183271.017511504,5365292.163474401,6354464.709005579
Gujarat,2030,5991603.376760552,5652426.376090403,6330780.377430701,5472876.917700506,6510329.835820598
Haryana,2020,1408267.3589791202,1387781.3595670017,1428753.3583912386,1376936.7265531057,1439597.9914051346
Haryana,2021,1387238.0500551101,1341429.9627825923,1433046.137327628,1317180.626172483,1457295.4739377373
Haryana,2022,1366208.7411311,1289557.1501053001,1442860.3321569,1248980.2488820045,1483437.2333801957
Haryana,2023,1345179.43220709,1232972.992296541,1457385.872117639,1173574.4910007818,1516784.3734133984
Haryana,2024,1324150.12328308,1172221.885436284,1476078.3611298762,1091795.9344855226,1556504.3120806376
Haryana,2025,1303120.81435907,1107696.8351648264,1498544.7935533137,1004245.6295954708,1601995.9991226692
Haryana,2026,1282091.50543506,1039697.8915178098,1524485.1193523102,911382.4632605233,1652800.5476095967
Haryana,2027,1261062.19651105,968463.5993334192,1553660.7936886807,813571.2583283202,1708553.1346937797
Haryana,2028,1240032.88758704,894189.4128830975,1585876.3622909824,711110.9363116226,1768954.8388624573
Haryana,2029,1219003.57866303,817039.2441921362,1620967.9131339237,604252.179020543,1833754.9783055168
Haryana,2030,1197974.26973902,737153.1081284224,1658795.4313496174,493209.12071681337,1902739.4187612263
Himachal Pradesh,2020,383901.2054361532,378585.43529363984,389216.9755786666,375771.436561038,392030.9743112684
Himachal Pradesh,2021,391111.1284369194,383593.494206919,398628.76266691985,379613.8990347729,402608.35783906595
Himachal Pradesh,2022,398321.0514376856,389113.86746949475,407528.2354058765,384239.87869219406,412402.22418317717
Himachal Pradesh,2023,405530.97443845175,394899.4341534249,416162.5147234786,389271.4366882214,421790.5121886821
Himachal Pradesh,2024,412740.89743921795,400854.47404779424,424627.32083064166,394562.18159309844,430919.61328533746
Himachal Pradesh,2025,419950.82043998415,406929.8960009045,432971.7448790638,400037.0349691916,439864.6059107767
Himachal Pradesh,2026,427160.7434407503,413096.53761687747,441224.9492646231,405651.39678076224,448670.09010073834
Himachal Pradesh,2027,434370.6664415165,419335.3979815157,449405.9349015173,411376.2076372234,457365.12524580956
Himachal Pradesh,2028,441580.5894422827,425633.27901474247,457527.8998698229,417191.28281693714,465969.89606762823
Himachal Pradesh,2029,448790.5124430489,431980.57127478864,465600.4536113091,423081.92594693997,474499.0989391578
Himachal Pradesh,2030,456000.4354438151,438370.0204093241,473630.85047830606,429037.04245274834,482963.8284348818
Jammu and Kashmir,2020,644455.7965711976,636643.8203992241,652267.7727431711,632508.4100150845,656403.1831273106
Jammu and Kashmir,2021,659655.4829905562,648607.6803392157,670703.2856418967,642759.3268879871,676551.6390931252
Jammu and Kashmir,2022,674855.1694099148,661324.4297725392,688385.9090472903,654161.6888770616,695548.6499427679
Jammu and Kashmir,2023,690054.8558292734,674430.9034853262,705678.8081732205,666160.0827170472,713949.6289414995
Jammu and Kashmir,2024,705254.542248632,687786.4324894905,722722.6520077734,678539.373755696,731969.7107415679
Jammu and Kashmir,2025,720454.2286679905,701318.8731638747,739589.5841721063,691189.227845726,749719.2294902551
Jammu and Kashmir,2026,735653.9150873491,714985.3688883448,756322.4612863534,704044.1014427175,767263.7287319808
Jammu and Kashmir,2027,750853.6015067077,728757.9962040269,772949.2068093886,717061.2893015696,784645.9137118459
Jammu and Kashmir,2028,766053.2879260663,742617.3594101457,789489.216441987,730211.1282577271,801895.4475944055
Jammu and Kashmir,2029,781252.9743454249,756549.3366150253,805956.6120758245,743472.0207416326,819033.9279492173
Jammu and Kashmir,2030,796452.6607647834,770543.2669311502,822362.0545984166,756827.66233282,836077.6591967468
Jharkhand,2020,1105849.43955219,1009170.3667975045,1202528.5123068755,957991.5571599293,1253707.3219444507
Jharkhand,2021,1105849.43955219,969124.5836648586,1242574.2954395215,896746.8169692889,1314952.062135091
Jharkhand,2022,1105849.43955219,938396.3735124267,1273302.5055919534,849752.0749492508,1361946.8041551292
Jharkhand,2023,1105849.43955219,912491.294042819,1299207.585061561,810133.6747676686,1401565.2043367114
Jharkhand,2024,1105849.43955219,889668.4608710654,1322030.4182333148,775229.1635139259,1436469.7155904542
Jharkhand,2025,1105849.43955219,869035.0424977993,1342663.8366065808,743673.073242706,1468025.805861674
Jharkhand,2026,1105849.43955219,850060.6560589719,1361638.2230454083,714654.2533616322,1497044.625742748
Jharkhand,2027,1105849.43955219,832399.7277775272,1379299.1513268529,687644.1943863877,1524054.6847179923
Jharkhand,2028,1105849.43955219,815812.2212881334,1395886.6578162466,662275.7923754079,1549423.0867289722
Jharkhand,2029,1105849.43955219,800123.3675742545,1411575.5115301255,638281.7611833405,1573417.1179210395
Jharkhand,2030,1105849.43955219,785201.2301454267,1426497.6489589533,615460.321360565,1596238.557743815
Karnataka,2020,4362668.218119303,4319798.970819064,4405537.465419541,4297105.362115844,4428231.074122761
Karnataka,2021,4338166.012711595,4242307.461604013,4434024.5638191765,4191563.0098888306,4484769.015534359
Karnataka,2022,4313663.807303887,4153261.7714775116,4474065.843130263,4068350.062840549,4558977.551767224
Karnataka,2023,4289161.601896179,4054357.0642000996,4523966.139592258,3930059.050220605,4648264.153571753
Karnataka,2024,4264659.396488471,3946732.549517514,4582586.243459428,3778432.242985949,4750886.549990993
Karnataka,2025,4240157.191080763,3831210.635731415,4649103.746430111,3614727.4060952263,4865586.9760663
Karnataka,2026,4215654.985673055,3708419.2111337804,4722890.760212329,3439904.811824387,4991405.159521723
Karnataka,2027,4191152.780265347,3578857.4575050366,4803448.103025657,3254727.892826223,5127577.667704471
Karnataka,2028,4166650.574857639,3442934.384790455,4890366.764924823,3059822.17583224,5273478.973883038
Karnataka,2029,4142148.369449931,3300992.997253891,4983303.741645971,2855712.2405954297,5428584.498304432
Karnataka,2030,4117646.1640422232,3153326.2916819025,5081966.036402544,2642846.1870320803,5592446.141052366
Kerala,2020,2679972.5288510476,2628208.2961279643,2731736.761574131,2600805.966574266,2759139.091127829
Kerala,2021,2722814.4892284647,2649608.809265643,2796020.1691912864,2610856.0631701862,2834772.915286743
Kerala,2022,2765656.449605882,2675998.168514682,2855314.7306970824,2628535.941481931,2902776.957729833
Kerala,2023,2808498.4099832997,2704969.9445371325,2912026.875429467,2650165.2854297366,2966831.5345368627
Kerala,2024,2851340.3703607167,2735592.027188783,2967088.7135326504,2674318.5555648627,3028362.1851565707
Kerala,2025,2894182.3307381338,2767386.3736398993,3020978.287836368,2700264.6484697517,3088100.013006516
Kerala,2026,2937024.2911155513,2800069.0045222,3073979.5777089023,2727569.25517928,3146479.3270518226
Kerala,2027,2979866.2514929688,2833454.8915673248,3126277.6114186128,2755949.3993764115,3203783.103609526
Kerala,2028,3022708.211870386,2867415.5137011353,3178000.9100396363,2785208.525040041,3260207.8987007304
Kerala,2029,3065550.1722478033,2901857.295511839,3229243.0489837676,2815203.5209276085,3315896.823567998
Kerala,2030,3108392.1326252203,2936709.595122115,3280074.6701283255,2845826.349610832,3370957.9156396086
Madhya Pradesh,2020,4639992.38342082,4585861.032808324,4694123.734033316,4557205.626736615,4722779.140105026
Madhya Pradesh,2021,4748778.679956321,4672225.389770555,4825331.970142086,4631700.525868637,4865856.834044005
Madhya Pradesh,2022,4857564.97649182,4763806.7269486515,4951323.226034989,4714174.107720935,5000955.845262705
Madhya Pradesh,2023,4966351.27302732,4858088.571802327,5074613.974252313,4800777.75965891,5131924.78639573
Madhya Pradesh,2024,5075137.569562821,4954096.189879404,5196178.949246237,4890020.753980203,5260254.385145439
Madhya Pradesh,2025,5183923.86609832,5051329.67801001,5316518.05418663,4981138.554762073,5386709.177434567
Madhya Pradesh,2026,5292710.16263382,5149492.070781111,5435928.25448653,5073676.9925978,5511743.332669841
Madhya Pradesh,2027,5401496.459169321,5248389.87879779,5554603.0395408515,5167340.150993952,5635652.76734469
Madhya Pradesh,2028,5510282.75570482,5347888.703867331,5672676.807542309,5261922.485652205,5758643.025757436
Madhya Pradesh,2029,5619069.0522403205,5447890.691483681,5790247.41299696,5357274.3410200635,5880863.7634605775
Madhya Pradesh,2030,5727855.348775821,5548321.969398996,5907388.728152646,5453282.739243865,6002427.958307777
Maharashtra,2020,7522393.028451813,7356434.415415825,7688351.641487801,7268581.232485156,7776204.824418471
Maharashtra,2021,7696764.554719126,7462063.633371003,7931465.476067249,7337820.470572806,8055708.638865446
Maharashtra,2022,7871136.080986438,7583687.331254444,8158584.830718433,7431521.1548118815,8310751.007160995
Maharashtra,2023,8045507.607253751,7713590.381181774,8377424.833325728,7537884.015320435,8553131.199187066
Maharashtra,2024,8219879.133521063,7848784.39332101,8590973.873721115,7652338.70424831,8787419.562793817
Maharashtra,2025,8394250.659788376,7987736.739430199,8800764.580146551,7772541.268970671,9015960.05060608
Maharashtra,2026,8568622.186055688,8129536.968033261,9007707.404078115,7897099.294113246,9240145.077998132
Maharashtra,2027,8742993.712323,8273591.869626754,9212395.555019246,8025105.544030361,9460881.88061564
Maharashtra,2028,8917365.238590313,8419489.399482347,9415241.07769828,8155929.850690341,9678800.626490286
Maharashtra,2029,9091736.764857626,8566929.55034139,9616543.979373861,8289113.392585049,9894360.1371302
Maharashtra,2030,9266108.291124938,8715685.84095678,9816530.741293097,8424309.796537295,10107906.785712581
Manipur,2020,155489.4090619248,153569.66212314324,157409.15600070634,152553.40948094506,158425.4086429045
Manipur,2021,159800.86573887258,157085.93358172348,162515.7978960217,155648.7353123293,163952.99616541585
Manipur,2022,164112.32241582038,160787.2231801759,167437.42165146486,159027.02197056255,169197.6228610782
Manipur,2023,168423.7790927682,164584.2852152051,172263.2729703313,162551.77993080876,174295.77825472766
Manipur,2024,172735.23576971598,168442.5511150033,177027.92042442865,166170.1411247344,179300.33041469756
Manipur,2025,177046.6924466638,172344.29201137897,181749.09288194863,169854.99158823825,184238.39330508935
Manipur,2026,181358.14912361157,176278.97614341803,186437.3221038051,173590.22438294935,189126.07386427379
Manipur,2027,185669.6058005594,180239.7414862612,191099.4701148576,177365.34494747288,193973.8666536459
Manipur,2028,189981.0624775072,184221.82166116254,195740.30329385184,181173.063734568,198789.0612204464
Manipur,2029,194292.519154455,188221.74629676944,200363.29201214053,185008.07326925907,203576.9650396509
Manipur,2030,198603.9758314028,192236.895543031,204971.05611977458,188866.36683665233,208341.58482615324
Meghalaya,2020,87200.2793262761,85652.49426711588,88748.06438543632,84833.14634987178,89567.41230268042
Meghalaya,2021,89162.22662175719,86973.32799945437,91351.12524406001,85814.5950625856,92509.85818092877
Meghalaya,2022,91124.17391723828,88443.33155557679,93805.01627889977,87024.17933383425,95224.1685006423
Meghalaya,2023,93086.12121271937,89990.55109439895,96181.6913310398,88351.85525991072,97820.38716552802
Meghalaya,2024,95048.06850820046,91587.11590135969,98509.02111504124,89754.99826117899,100341.13875522194
Meghalaya,2025,97010.01580368157,93218.73217723558,100801.29943012756,91211.74785817537,102808.28374918777
Meghalaya,2026,98971.96309916265,94876.90874964333,103067.01744868196,92709.11792337667,105234.80827494862
Meghalaya,2027,100933.91039464375,96556.11315003812,105311.70763924939,94238.64727630059,107629.17351298692
Meghalaya,2028,102895.85769012483,98252.50251264419,107539.21286760547,95794.45876091186,109997.2566193378
Meghalaya,2029,104857.80498560594,99963.27887028121,109752.33110093066,97372.27325567466,112343.33671553721
Meghalaya,2030,106819.75228108701,101686.32998373455,111953.17457843947,98968.86036947666,114670.64419269736
Mizoram,2020,19486.829322219997,18847.98187684426,20125.676767595734,18509.796467502387,20463.862176937608
Mizoram,2021,19805.340820757,18901.874099219225,20708.807542294773,18423.60770673125,21187.073934782748
Mizoram,2022,20123.852319293997,19017.336085617637,21230.368552970358,18431.581774259033,21816.12286432896
Mizoram,2023,20442.363817831,19164.668927079525,21720.058708582474,18488.29810839578,22396.42952726622
Mizoram,2024,20760.875316367998,19332.369001255764,22189.38163148023,18576.16343696874,22945.587195767253
Mizoram,2025,21079.386814905,19514.53655025389,22644.237079556107,18686.154858912043,23472.618770897956
Mizoram,2026,21397.898313441998,19707.666847268876,23088.12977961512,18812.912357119698,23982.884269764298
Mizoram,2027,21716.409811979,19909.47636890345,23523.343255054548,18952.943583927503,24479.876040030496
Mizoram,2028,22034.921310515998,20118.378974388786,23951.46364664321,19103.822746363163,24966.019874668833
Mizoram,2029,22353.432809053,20333.219804285665,24373.645813820334,19263.78363932896,25443.081978777038
Mizoram,2030,22671.944307589998,20553.12703300161,24790.761582178387,19431.492920641864,25912.395694538132
Nagaland,2020,58559.1093294159,57760.6765440549,59357.5421147769,57338.01175873911,59780.20690009269
Nagaland,2021,58559.1093294159,57429.95485571505,59688.26380311675,56832.216583983936,60286.002074847864
Nagaland,2022,58559.1093294159,57176.183178741914,59942.035480089886,56444.106296004764,60674.112362827036
Nagaland,2023,58559.1093294159,56962.243758693905,60155.974900137895,56116.914188062314,61001.304470769486
Nagaland,2024,58559.1093294159,56773.75934588421,60344.45931294759,55828.652154222735,61289.566504609065
Nagaland,2025,58559.1093294159,56603.35641137233,60514.86224745947,55568.043355105634,61550.175303726166
Nagaland,2026,58559.1093294159,56446.654740750084,60671.563918081716,55328.388830859985,61789.829827971815
Nagaland,2027,58559.1093294159,56300.800382014204,60817.418276817596,55105.32383855198,62012.89482027982
Nagaland,2028,58559.1093294159,56163.810973332904,60954.407685498896,54895.81661738551,62222.40204144629
Nagaland,2029,58559.1093294159,56034.243169122805,61083.975489708995,54697.65976077879,62420.55889805301
Nagaland,2030,58559.1093294159,55911.007360055104,61207.211298776696,54509.18685506649,62609.03180376531
Odisha,2020,2543964.5839629592,2498092.8475731895,2589836.320352729,2473809.8171556965,2614119.350770222
Odisha,2021,2587063.973037999,2522191.5413059834,2651936.404770015,2487850.150354046,2686277.7957219523
Odisha,2022,2630163.3621130385,2550711.184054551,2709615.540171526,2508651.7416097126,2751674.9826163645
Odisha,2023,2673262.751188078,2581519.2784085386,2765006.2239676174,2532953.217573552,2813572.284802604
Odisha,2024,2716362.1402631174,2613789.8194496413,2818934.4610765935,2559491.3127364316,2873232.967789803
Odisha,2025,2759461.529338157,2647099.181567762,2871823.8771085516,2587618.1476364206,2931304.911039893
Odisha,2026,2802560.9184131967,2681195.711719154,2923926.1251072395,2616948.8521554503,2988172.984670943
Odisha,2027,2845660.307488236,2715915.4440242043,2975405.170952268,2647232.66212033,3044087.952856142
Odisha,2028,2888759.6965632755,2751144.487393966,3026374.905732585,2678295.3961414867,3099223.9969850644
Odisha,2029,2931859.0856383154,2786799.9184198133,3076918.2528568176,2710010.233809386,3153707.937467245
Odisha,2030,2974958.474713355,2822819.1366263963,3127097.8128003133,2742281.4359587845,3207635.513467925
Punjab,2020,2506298.036329202,2444106.0005497397,2568490.072108664,2411183.525504838,2601412.5471535656
Punjab,2021,2546127.375107774,2458174.554636866,2634080.1955786822,2411615.1439214763,2680639.606294072
Punjab,2022,2585956.7138863457,2478236.9480901756,2693676.479682516,2421213.5486014877,2750699.879171204
Punjab,2023,2625786.052664918,2501401.9811059935,2750170.1242238423,2435557.0310161905,2816015.0743136453
Punjab,2024,2665615.3914434896,2526549.771781513,2804681.011105466,2452932.8795935726,2878297.9032934066
Punjab,2025,2705444.7302220613,2553105.9764974643,2857783.483946658,2472462.7115679425,2938426.74887618
Punjab,2026,2745274.0690006334,2580729.4087993456,2909818.7292019213,2493624.7272858056,2996923.4107154612
Punjab,2027,2785103.407779205,2609197.7668373887,2961009.0487210215,2516078.9454066097,3054127.8701518006
Punjab,2028,2824932.746557777,2638356.63921939,3011508.8538961634,2539589.214084686,3110276.279030868
Punjab,2029,2864762.085336349,2668093.599950563,3061430.570722135,2563983.59259862,3165540.578074078
Punjab,2030,2904591.424114921,2698323.7764860867,3110859.0717437556,2589132.279592309,3220050.568637533
Rajasthan,2020,3017586.0142365005,2982419.9527220842,3052752.0757509167,2963804.164251333,3071367.864221668
Rajasthan,2021,3093563.673166191,3043831.352037257,3143295.9942951254,3017504.651507652,3169622.6948247305
Rajasthan,2022,3169541.332095882,3108631.92685082,3230450.737340944,3076388.435396524,3262694.2287952397
Rajasthan,2023,3245518.9910255726,3175186.8679967397,3315851.1140544056,3137955.2910552374,3353082.690995908
Rajasthan,2024,3321496.6499552634,3242862.945908089,3400130.3540024376,3201236.7774327327,3441756.522477794
Rajasthan,2025,3397474.308884954,3311335.4019113085,3483613.2158585996,3265736.2189983823,3529212.398771526
Rajasthan,2026,3473451.967814645,3380411.3144578994,3566492.62117139,3331158.5677049085,3615745.367924381
Rajasthan,2027,3549429.6267443355,3449964.9844864667,3648894.2690022043,3397311.583427257,3701547.670061414
Rajasthan,2028,3625407.2856740262,3519909.101130777,3730905.4702172754,3464061.7357185236,3786752.835629529
Rajasthan,2029,3701384.944603717,3590180.093880571,3812589.795326863,3531311.8018730944,3871458.0873343395
Rajasthan,2030,3777362.6035334077,3660729.9721355313,3893995.234931284,3598988.3866014257,3955736.8204653896
Sikkim,2020,21258.686500787233,20958.824722996735,21558.54827857773,20800.08748642781,21717.285515146657
Sikkim,2021,21510.193867625763,21086.125274637132,21934.262460614395,20861.636921827732,22158.750813423794
Sikkim,2022,21761.701234464297,21242.325400083224,22281.07706884537,20967.384441292765,22556.01802763583
Sikkim,2023,22013.208601302827,21413.485045721827,22612.932156883828,21096.01057258398,22930.406630021676
Sikkim,2024,22264.715968141358,21594.204649147865,22935.22728713485,21239.257397619283,23290.174538663432
Sikkim,2025,22516.22333497989,21781.714986029336,23250.731683930448,21392.889753256004,23639.55691670378
Sikkim,2026,22767.730701818422,21974.37101009105,23561.090393545794,21554.391758324044,23981.0696453128
Sikkim,2027,23019.238068656952,22171.10088267969,23867.375254634215,21722.124177060887,24316.351960253018
Sikkim,2028,23270.745435495486,22371.160102123988,24170.330768866985,21894.948392417213,24646.54247857376
Sikkim,2029,23522.252802334016,22574.006601288744,24470.49900337929,22072.035384249968,24972.470220418065
Sikkim,2030,23773.76016917255,22779.231163272536,24768.289175072565,22252.75930931553,25294.76102902957
Tamil Nadu,2020,6156679.85690951,6074567.817613269,6238791.89620575,6031100.329682779,6282259.384136241
Tamil Nadu,2021,6232137.191983509,6116013.232376654,6348261.151590364,6054540.921423064,6409733.462543954
Tamil Nadu,2022,6307594.527057509,6165372.3030833285,6449816.751031689,6090084.405510331,6525104.648604687
Tamil Nadu,2023,6383051.862131509,6218827.783539028,6547275.94072399,6131892.807678046,6634210.916584972
Tamil Nadu,2024,6458509.197205509,6274901.095567982,6642117.298843036,6177704.837744252,6739313.556666766
Tamil Nadu,2025,6533966.532279509,6332833.934264359,6735099.130294659,6226360.768434069,6841572.296124949
Tamil Nadu,2026,6609423.867353509,6392175.831731294,6826671.902975724,6277171.668550513,6941676.066156506
Tamil Nadu,2027,6684881.202427508,6452633.283213797,6917129.12164122,6329688.661306618,7040073.743548399
Tamil Nadu,2028,6760338.537501508,6514002.419612788,7006674.655390229,6383599.955821314,7137077.119181703
Tamil Nadu,2029,6835795.872575508,6576134.8050781395,7095456.940072877,6438678.539051908,7232913.206099109
Tamil Nadu,2030,6911253.2076495085,6638918.382532961,7183588.032766056,6494753.03448822,7327753.380810797
Telangana,2020,2573411.755562431,2535066.001368234,2611757.5097566284,2514766.98526892,2632056.525855942
Telangana,2021,2545626.7281378517,2459883.0151111283,2631370.441164575,2414493.0352367004,2676760.421039003
Telangana,2022,2517841.700713272,2374365.026281135,2661318.3751454093,2298413.062748895,2737270.3386776494
Telangana,2023,2490056.6732886927,2280028.3277215897,2700085.0188557957,2168846.037594043,2811267.3089833423
Telangana,2024,2462271.6458641132,2177891.9216225636,2746651.370105663,2027350.389137303,2897192.9025909235
Telangana,2025,2434486.6184395337,2068691.4371021013,2800281.799776966,1875051.165028811,2993922.0718502565
Telangana,2026,2406701.5910149543,1952988.5087029561,2860414.6733269524,1712807.3111790293,3100595.8708508792
Telangana,2027,2378916.563590375,1831229.6453576586,2926603.481823091,1541301.7040714829,3216531.423109267
Telangana,2028,2351131.5361657953,1703780.6989486672,2998482.373382923,1361093.8658764637,3341169.206455127
Telangana,2029,2323346.508741216,1570948.4804889495,3075744.536993482,1172653.0235463982,3474039.9939360335
Telangana,2030,2295561.4813166363,1432995.0702216774,3158127.892411595,976379.9942247281,3614742.9684085445
Tripura,2020,231177.910910041,220788.68189663047,241567.13992345156,215288.9562703031,247066.86554977892
Tripura,2021,231177.910910041,216485.32233667577,245870.49948340625,208707.53576659277,253648.28605348925
Tripura,2022,231177.910910041,213183.23840734528,249172.58341273674,203657.43419485772,258698.3876252243
Tripura,2023,231177.910910041,210399.45288321993,251956.3689368621,199400.0016305652,262955.8201895168
Tripura,2024,231177.910910041,207946.88860224196,254408.93321784007,195649.1282441764,266706.69357590564
Tripura,2025,231177.910910041,205729.6010062665,256626.22081381554,192258.07949645584,270097.7423236262
Tripura,2026,231177.910910041,203690.5946268598,258665.22719322224,189139.68834050867,273216.13347957336
Tripura,2027,231177.910910041,201792.73376331053,260563.0880567715,186237.16062314453,276118.6611969375
Tripura,2028,231177.910910041,200010.2238698094,262345.5979502726,183511.0469908273,278844.7748292547
Tripura,2029,231177.910910041,198324.2840945597,264031.53772552236,180932.62460936914,281423.1972107129
Tripura,2030,231177.910910041,196720.73641148405,265635.08540859795,178480.21005905385,283875.6117610282
Union Territories other than Delhi,2020,183950.93761731742,182169.91381782753,185731.96141680732,181227.09676966065,186674.7784649742
Union Territories other than Delhi,2021,188972.7746347359,186454.02662258802,191491.52264688376,185120.68196623385,192824.86730323793
Union Territories other than Delhi,2022,193994.61165215436,190909.7879419485,197079.4353623602,189276.78091228133,198712.44239202738
Union Territories other than Delhi,2023,199016.44866957283,195454.40107059304,202578.4962685526,193568.76697425928,204464.13036488637
Union Territories other than Delhi,2024,204038.28568699126,200055.79540178692,208020.7759721956,197947.59239174007,210128.97898224246
Union Territories other than Delhi,2025,209060.1227044097,204697.52317590648,213422.72223291293,202388.10248710058,215732.14292171883
Union Territories other than Delhi,2026,214081.95972182817,209369.81366929054,218794.1057743658,206875.35422800898,221288.56521564737
Union Territories other than Delhi,2027,219103.79673924664,214066.30071495092,224141.29276354235,211399.61140224256,226807.98207625072
Union Territories other than Delhi,2028,224125.6337566651,218782.56235819543,229468.70515513478,215954.1112136948,232297.15629963542
Union Territories other than Delhi,2029,229147.47077408354,223515.37900072846,234779.56254743863,220533.9297116844,237761.01183648268
Union Territories other than Delhi,2030,234169.307791502,228262.32010590087,240076.29547710315,225135.3497111809,243203.26587182313
Uttar Pradesh,2020,10404753.596805355,10156781.901357511,10652725.292253198,10025513.61510663,10783993.57850408
Uttar Pradesh,2021,10684761.01399481,10334076.079207819,11035445.9487818,10148434.688482346,11221087.339507272
Uttar Pradesh,2022,10964768.431184262,10535268.8558296,11394268.006538924,10307905.514620576,11621631.347747948
Uttar Pradesh,2023,11244775.848373717,10748832.45747803,11740719.239269404,10486295.884976264,12003255.81177117
Uttar Pradesh,2024,11524783.265563171,10970301.698045917,12079264.833080426,10676776.886699043,12372789.6444273
Uttar Pradesh,2025,11804790.682752624,11197386.558252577,12412194.807252672,10875846.237528315,12733735.127976933
Uttar Pradesh,2026,12084798.099942079,11428726.661604038,12740869.53828012,11081423.421154562,13088172.778729595
Uttar Pradesh,2027,12364805.517131533,11663435.647557551,13066175.386705516,11292152.866106607,13437458.16815646
Uttar Pradesh,2028,12644812.934320986,11900897.847977456,13388728.020664517,11507092.989224806,13782532.879417166
Uttar Pradesh,2029,12924820.351510441,12140664.998641647,13708975.704379234,11725558.229541894,14124082.473478988
Uttar Pradesh,2030,13204827.768699896,12382398.696271118,14027256.841128673,11947031.043903973,14462624.493495818
Uttarakhand,2020,739112.9330984342,728306.2722262106,749919.5939706579,722585.5715219253,755640.2946749432
Uttarakhand,2021,738194.2180192944,714029.7896992151,762358.6463393738,701237.9140455024,775150.5219930864
Uttarakhand,2022,737275.5029401546,696840.6804612378,777710.3254190715,675435.7784135262,799115.227466783
Uttarakhand,2023,736356.7878610148,677166.268550761,795547.3071712686,645832.700346034,826880.8753759956
Uttarakhand,2024,735438.072781875,655293.7307707336,815582.4147930165,612867.8788624866,858008.2667012635
Uttarakhand,2025,734519.3577027352,631430.3832784068,837608.3321270637,576858.3766644949,892180.3387409756
Uttarakhand,2026,733600.6426235954,605734.5068056426,861466.7784415482,538046.2632420718,929155.022005119
Uttarakhand,2027,732681.9275444556,578331.9372034154,887031.9178854958,496623.9879218805,968739.8671670307
Uttarakhand,2028,731763.2124653158,549325.7794257486,914200.645504883,452749.23612364754,1010777.1888069841
Uttarakhand,2029,730844.497386176,518802.4994357897,942886.4953365624,406554.24612651306,1055134.748645839
Uttarakhand,2030,729925.7823070362,486835.9571006549,973015.6075134175,358151.97684944933,1101699.587764623
West Bengal,2020,7024353.853077509,6885316.161195384,7163391.544959635,6811714.053081058,7236993.653073961
West Bengal,2021,7168837.055743189,6972208.066202436,7365466.045283942,6868118.966687905,7469555.1447984725
West Bengal,2022,7313320.258408868,7072499.91190192,7554140.604915815,6945017.32110373,7681623.195714005
West Bengal,2023,7457803.461074546,7179728.077310295,7735878.844838797,7032523.861081644,7883083.061067448
West Bengal,2024,7602286.663740225,7291388.9332571225,7913184.394223328,7126809.616226201,8077763.711254249
West Bengal,2025,7746769.866405904,7406198.4662803905,8087341.266531418,7225910.857407131,8267628.875404677
West Bengal,2026,7891253.069071583,7523393.913487055,8259112.224656112,7328661.039446461,8453845.098696707
West Bengal,2027,8035736.271737263,7642478.292655756,8428994.250818769,7434300.093626696,8637172.44984783
West Bengal,2028,8180219.474402942,7763106.3987565655,8597332.550049318,7542300.074413588,8818138.874392295
West Bengal,2029,8324702.677068621,7885026.890108402,8764378.46402884,7652276.587877171,8997128.76626007
West Bengal,2030,8469185.8797343,8008050.024044247,8930321.735424353,7763939.447649856,9174432.311818743
