State,Year,Forecasted_CVD_Prevalences,Lower_80,Upper_80,Lower_95,Upper_95
Andhra Pradesh,2020,3919679.6356301233,3890672.3463586215,3948686.924901625,3875316.81497599,3964042.4562842567
Andhra Pradesh,2021,4027481.377490037,3986458.8755945996,4068503.8793854746,3964742.874855837,4090219.8801242374
Andhra Pradesh,2022,4135283.119349951,4085041.020541862,4185525.2181580397,4058444.460009926,4212121.778689976
Andhra Pradesh,2023,4243084.861209865,4185070.282666861,4301099.439752868,4154359.2199015985,4331810.502518131
Andhra Pradesh,2024,4350886.6030697785,4286024.3324157,4415748.873723857,4251688.320413505,4450084.885726052
Andhra Pradesh,2025,4458688.344929692,4387635.287393204,4529741.402466181,4350022.0707764635,4567354.619082921
Andhra Pradesh,2026,4566490.086789606,4489744.0131691005,4643236.160410112,4449117.09588141,4683863.077697802
Andhra Pradesh,2027,4674291.82864952,4592246.824858645,4756336.832440395,4548814.823381119,4799768.8339179205
Andhra Pradesh,2028,4782093.570509434,4695071.702694928,4869115.438323939,4649005.108547034,4915182.032471834
Andhra Pradesh,2029,4889895.312369347,4798166.2095240345,4981624.415214659,4749607.755672725,5030182.869065968
Andhra Pradesh,2030,4997697.054229261,4901490.759530388,5093903.348928135,4850562.223477673,5144831.88498085
Arunachal Pradesh,2020,56655.30174148959,56562.22075330278,56748.38272967639,56512.946654580526,56797.65682839865
Arunachal Pradesh,2021,58040.91325585528,57832.777838856724,58249.04867285384,57722.59760458374,58359.228907126824
Arunachal Pradesh,2022,59426.524770220974,59078.247603203585,59774.801937238364,58893.88080774285,59959.1687326991
Arunachal Pradesh,2023,60812.13628458667,60302.310715538806,61321.96185363453,60032.42536182967,61591.847207343664
Arunachal Pradesh,2024,62197.74779895236,61507.44071518399,62888.05488272073,61142.01421878704,63253.481379117686
Arunachal Pradesh,2025,63583.359313318055,62695.42327793782,64471.29534869829,62225.37833408139,64941.34029255472
Arunachal Pradesh,2026,64968.97082768375,63867.621722877935,66070.31993248955,63284.60272431561,66653.33893105188
Arunachal Pradesh,2027,66354.58234204944,65025.11991166118,67684.0447724377,64321.34501284937,68387.81967124951
Arunachal Pradesh,2028,67740.19385641514,66168.80591796,69311.58179487028,65336.963391159596,70143.42432167067
Arunachal Pradesh,2029,69125.80537078083,67299.42449886349,70952.18624269817,66332.5968669235,71919.01387463816
Arunachal Pradesh,2030,70511.41688514652,68417.61183140171,72605.22193889134,67309.21838894801,73713.61538134504
Assam,2020,1622484.431089757,1618876.4873483928,1626092.3748311212,1616966.5573018882,1628002.3048776258
Assam,2021,1667456.542160984,1662354.1391896673,1672558.9451323005,1659653.090214717,1675259.9941072508
Assam,2022,1712428.6532322108,1706179.5113613177,1718677.7951031039,1702871.4154818696,1721985.890982552
Assam,2023,1757400.764303438,1750184.8768207093,1764616.6517861665,1746365.0167277004,1768436.5118791754
Assam,2024,1802372.875374665,1794305.2679099794,1810440.4828393506,1790034.5344937262,1814711.2162556038
Assam,2025,1847344.986445892,1838507.3652588814,1856182.6076329025,1833829.0112005353,1860860.9616912485
Assam,2026,1892317.0975171188,1882771.3756331569,1901862.8194010807,1877718.175708576,1906916.0193256615
Assam,2027,1937289.208588346,1927084.402645713,1947494.0145309789,1921682.304695812,1952896.1124808798
Assam,2028,1982261.319659573,1971437.4884354803,1993085.1508836658,1965707.6982959667,1998814.9410231793
Assam,2029,2027233.4307308,2015824.1108383394,2038642.7506232604,2009784.381719794,2044682.479741806
Assam,2030,2072205.5418020268,2060239.3461472103,2084171.7374568433,2053904.824807129,2090506.2587969245
Bihar,2020,4996749.043322718,4984723.30474923,5008774.781896206,4978357.26329199,5015140.823353445
Bihar,2021,5112707.953530677,5085817.584600716,5139598.322460637,5071582.683154747,5153833.223906606
Bihar,2022,5228666.863738636,5183670.670173732,5273663.0573035395,5159851.124130743,5297482.6033465285
Bihar,2023,5344625.773946594,5278758.091073,5410493.456820189,5243889.84599157,5445361.701901619
Bihar,2024,5460584.684154553,5371399.419939643,5549769.948369464,5324187.592915676,5596981.775393431
Bihar,2025,5576543.594362512,5461825.35985009,5691261.8288749345,5401097.194811029,5751989.993913995
Bihar,2026,5692502.504570471,5550212.046867562,5834792.96227338,5474888.028540467,5910116.980600475
Bihar,2027,5808461.41477843,5636699.5121325655,5980223.317424295,5545774.253252542,6071148.576304318
Bihar,2028,5924420.324986389,5721402.491661836,6127438.158310941,5613931.342542374,6234909.307430404
Bihar,2029,6040379.235194348,5804417.205470107,6276341.264918589,5679506.452223691,6401252.018165004
Bihar,2030,6156338.145402307,5885825.8454077095,6426850.445396904,5742625.2838841695,6570051.006920444
Chhattisgarh,2020,1563964.7229287603,1559875.957845068,1568053.4880124526,1557711.4963550202,1570217.9495025005
Chhattisgarh,2021,1599125.2835709704,1589982.5268998067,1608268.0402421341,1585142.6438733793,1613107.9232685615
Chhattisgarh,2022,1634285.8442131805,1618987.0861349998,1649584.6022913612,1610888.4128123743,1657683.2756139867
Chhattisgarh,2023,1669446.4048553905,1647051.3161686128,1691841.4935421683,1635196.072339108,1703696.737371673
Chhattisgarh,2024,1704606.9654976006,1674283.872069832,1734930.0589253693,1658231.7960419622,1750982.134953239
Chhattisgarh,2025,1739767.5261398107,1700763.1931526212,1778771.8591270002,1680115.5464994812,1799419.5057801402
Chhattisgarh,2026,1774928.0867820207,1726549.1658830692,1823307.0076809723,1700938.9121579295,1848917.261406112
Chhattisgarh,2027,1810088.6474242308,1751689.4010116034,1868487.8938368582,1720774.707376575,1899402.5874718865
Chhattisgarh,2028,1845249.208066441,1776222.9089171882,1914275.5072156936,1739682.5933815832,1950815.8227512985
Chhattisgarh,2029,1880409.768708651,1800182.4045165982,1960637.1329007037,1757712.603320553,2003106.934096749
Chhattisgarh,2030,1915570.329350861,1823595.8331344181,2007544.825567304,1774907.4758793048,2056233.1828224172
Delhi,2020,949616.7419981345,947809.2685743513,951424.2154219177,946852.4499408555,952381.0340554136
Delhi,2021,980576.852527108,978020.6990975649,983133.0059566512,976667.5532093439,984486.1518448722
Delhi,2022,1011536.9630560817,1008406.3272527587,1014667.5988594047,1006749.0687659153,1016324.857346248
Delhi,2023,1042497.0735850551,1038882.1267374887,1046112.0204326215,1036968.4894704971,1048025.657699613
Delhi,2024,1073457.1841140287,1069415.550670925,1077498.8175571323,1067276.03916429,1079638.3290637673
Delhi,2025,1104417.294643002,1099989.9070310919,1108844.6822549123,1097646.1896026402,1111188.399683364
Delhi,2026,1135377.4051719757,1130595.2799912868,1140159.5303526646,1128063.7758372645,1142691.034506687
Delhi,2027,1166337.5157009494,1161225.208841863,1171449.8225600356,1158518.9170654211,1174156.1143364776
Delhi,2028,1197297.6262299228,1191875.2059585731,1202720.0465012724,1189004.750058086,1205590.5024017596
Delhi,2029,1228257.7367588961,1222542.0039295184,1233973.469588274,1219516.277739982,1236999.1957778104
Delhi,2030,1259217.8472878698,1253223.1361226419,1265212.5584530977,1250049.7277229158,1268385.9668528237
Goa,2020,106747.70956534002,106566.89662241419,106928.52250826584,106471.18003223246,107024.23909844758
Goa,2021,109223.48452448503,108819.17449289109,109627.79455607897,108605.14569067025,109841.82335829981
Goa,2022,111699.25948363004,111022.7194001073,112375.79956715279,110664.58071341699,112733.9382538431
Goa,2023,114175.03444277505,113184.68116748138,115165.38771806873,112660.41981178123,115689.64907376887
Goa,2024,116650.80940192007,115309.86472814626,117991.75407569387,114600.01149685051,118701.60730698962
Goa,2025,119126.58436106508,117401.73881726,120851.42990487015,116488.66074125681,121764.50798087334
Goa,2026,121602.35932021009,119462.95172787768,123741.7669125425,118330.41775971487,124874.30088070531
Goa,2027,124078.1342793551,121495.60889763715,126660.65966107305,120128.50254122309,128027.76601748711
Goa,2028,126553.90923850011,123501.43543944685,129606.38303755337,121885.55341830011,131222.2650587001
Goa,2029,129029.68419764513,125481.878068943,132577.49032634727,123603.78295157885,134455.5854437114
Goa,2030,131505.45915679014,127438.17258135369,135572.74573222658,125285.08112676443,137725.83718681586
Gujarat,2020,3572250.4955519526,3565965.609077595,3578535.38202631,3562638.591148068,3581862.399955837
Gujarat,2021,3641691.370618162,3622806.25813325,3660576.4831030746,3612809.083467519,3670573.6577688055
Gujarat,2022,3704451.471932613,3665821.2669926016,3743081.676872624,3645371.671764253,3763531.2721009725
Gujarat,2023,3761642.7075559846,3695872.324392548,3827413.0907194214,3661055.5866663493,3862229.82844562
Gujarat,2024,3814191.9262158102,3713839.203665592,3914544.6487660287,3660715.6812974983,3967668.171134122
Gujarat,2025,3862871.7174760182,3720571.3351290114,4005172.099823025,3645242.063012687,4080501.3719393495
Gujarat,2026,3908326.085710311,3716865.7326787063,4099786.4387419154,3615512.7440561242,4201139.427364497
Gujarat,2027,3951091.8510528333,3703457.891435943,4198725.810669723,3572368.3917342867,4329815.31037138
Gujarat,2028,3991616.488502502,3681019.5611827155,4302213.415822288,3516599.4797277586,4466633.497277245
Gujarat,2029,4030272.9979934073,3650160.2265169322,4410385.769469882,3448940.680053473,4611605.315933342
Gujarat,2030,4067372.2995795594,3611430.537766556,4523314.061392562,3370069.5485806367,4764675.050578482
Haryana,2020,1509118.2280587072,1506267.5003819133,1511968.9557355011,1504758.4163067131,1513478.0398107013
Haryana,2021,1539206.7082856637,1530856.931389117,1547556.4851822106,1526436.8264984868,1551976.5900728407
Haryana,2022,1567773.6443060364,1551074.4622422208,1584472.826369852,1542234.449242553,1593312.8393695198
Haryana,2023,1595194.851233529,1567341.1672385638,1623048.535228494,1552596.3176008284,1637793.3848662295
Haryana,2024,1621753.3194061487,1580048.1853493636,1663458.453462934,1557970.8209727143,1685535.8178395831
Haryana,2025,1647662.1417211355,1589543.60567736,1705780.677764911,1558777.5111354075,1736546.7723068635
Haryana,2026,1673081.7780131733,1596130.8059385451,1750032.7500878014,1555395.4219612214,1790768.1340651251
Haryana,2027,1698133.0552027295,1600071.3647670336,1796194.7456384255,1548160.6415406975,1848105.4688647615
Haryana,2028,1722906.9564616268,1601589.6550129086,1844224.257910345,1537368.1549542274,1908445.7579690262
Haryana,2029,1747471.992495284,1600877.799910587,1894066.1850799809,1523275.5219563579,1971668.46303421
Haryana,2030,1771879.752148792,1598100.3962359985,1945659.1080615853,1506107.1621079827,2037652.3421896012
Himachal Pradesh,2020,491000.38241646334,488699.3254426546,493301.4393902721,487481.2194609538,494519.5453719729
Himachal Pradesh,2021,505044.5886757077,501790.4026955542,508298.7746558612,500067.7406958251,510021.4366555903
Himachal Pradesh,2022,519088.79493495205,515103.24734520464,523074.34252469946,512993.4258958952,525184.1639740089
Himachal Pradesh,2023,533133.0011941963,528530.8872465788,537735.1151418138,526094.6752831772,540171.3271052154
Himachal Pradesh,2024,547177.2074534406,542031.8876399044,552322.5272669769,539308.1198610222,555046.2950458591
Himachal Pradesh,2025,561221.413712685,555584.9982577808,566857.8291675892,552601.2601499818,569841.5672753882
Himachal Pradesh,2026,575265.6199719294,569177.5954666405,581353.6444772182,565954.78996854,584576.4499753187
Himachal Pradesh,2027,589309.8262311737,582801.4542708667,595818.1981914807,579356.1302714085,599263.5221909389
Himachal Pradesh,2028,603354.0324904181,596450.8615689918,610257.2034118443,592796.5436238893,613911.5213569468
Himachal Pradesh,2029,617398.2387496624,610121.6576866123,624674.8198127125,606269.6683529624,628526.8091463625
Himachal Pradesh,2030,631442.4450089067,623810.7024055524,639074.1876122609,619770.7019093633,643114.18810845
Jammu & Kashmir and Ladakh,2020,656928.0401859543,654979.6777276635,658876.4026442451,653948.2769444674,659907.8034274412
Jammu & Kashmir and Ladakh,2021,669054.9697458044,664698.2988442578,673411.640647351,662392.0165809847,675717.9229106242
Jammu & Kashmir and Ladakh,2022,681181.8993056546,673891.794521478,688472.0040898311,670032.6461623078,692331.1524490013
Jammu & Kashmir and Ladakh,2023,693308.8288655047,682637.2081794842,703980.4495515252,676987.993431634,709629.6642993754
Jammu & Kashmir and Ladakh,2024,705435.7584253548,690986.3157098652,719885.2011408445,683337.2427819367,727534.274068773
Jammu & Kashmir and Ladakh,2025,717562.687985205,698976.4947098788,736148.8812605311,689137.5583152495,745987.8176551604
Jammu & Kashmir and Ladakh,2026,729689.6175450551,706636.2820457671,752742.9530443432,694432.5834022874,764946.6516878228
Jammu & Kashmir and Ladakh,2027,741816.5471049052,713988.3650074193,769644.7292023912,699257.0152587427,784376.0789510678
Jammu & Kashmir and Ladakh,2028,753943.4766647554,721051.3326691163,786835.6206603944,703639.283420403,804247.6699091077
Jammu & Kashmir and Ladakh,2029,766070.4062246055,727840.774215946,804300.038233265,707603.2294884506,824537.5829607605
Jammu & Kashmir and Ladakh,2030,778197.3357844556,734370.0060454492,822024.6655234621,711169.2191354699,845225.4524334414
Jharkhand,2020,1738270.9038702147,1735953.2955067996,1740588.5122336298,1734726.4277487001,1741815.3799917293
Jharkhand,2021,1791434.0841806992,1788156.4910008882,1794711.6773605102,1786421.4379781457,1796446.7303832527
Jharkhand,2022,1844597.2644911837,1840583.049053702,1848611.4799286653,1838458.0517625057,1850736.4772198617
Jharkhand,2023,1897760.4448016684,1893125.228074838,1902395.6615284989,1890671.492558639,1904849.3970446978
Jharkhand,2024,1950923.625112153,1945741.2952663344,1956105.9549579713,1942997.9355598213,1958849.3146644845
Jharkhand,2025,2004086.8054226376,1998409.8475086635,2009763.7633366117,1995404.6475194476,2012768.9633258276
Jharkhand,2026,2057249.985733122,2051118.170367082,2063381.801099162,2047872.1833875875,2066627.7880786567
Jharkhand,2027,2110413.1660436066,2103857.9796839845,2116968.3524032286,2100387.8736384995,2120438.4584487136
Jharkhand,2028,2163576.3463540915,2156623.521263846,2170529.171444337,2152942.9179895474,2174209.7747186357
Jharkhand,2029,2216739.5266645756,2209410.6055119284,2224068.4478172227,2205530.9090085095,2227948.1443206416
Jharkhand,2030,2269902.7069750605,2262216.069622623,2277589.344327498,2258147.0096016224,2281658.4043484987
Karnataka,2020,3908234.7543323855,3901315.783182342,3915153.725482429,3897653.1011014488,3918816.407563322
Karnataka,2021,3964284.6812114604,3943710.1478354195,3984859.2145875013,3932818.647772048,3995750.7146508726
Karnataka,2022,4015397.3867961257,3973701.0450953743,4057093.728496877,3951628.335110859,4079166.4384813923
Karnataka,2023,4062558.077649257,3992172.5734431776,4132943.5818553367,3954912.7382133957,4170203.4170851186
Karnataka,2024,4106555.3655461655,4000010.841223379,4213099.889868952,3943609.5769903436,4269501.154101987
Karnataka,2025,4148020.4973294865,3998053.7049313644,4297987.289727609,3918666.0804805574,4377374.914178416
Karnataka,2026,4187458.7565732333,3987070.5958049116,4387846.917341555,3880991.511248438,4493926.001898028
Karnataka,2027,4225274.599146208,3967756.5507954685,4482792.647496947,3831434.730578759,4619114.467713656
Karnataka,2028,4261791.77305492,3940733.2991754087,4582850.246934432,3770775.209497582,4752808.336612258
Karnataka,2029,4297269.423436835,3906553.7818151833,4687985.0650584875,3699721.4149417803,4894817.431931891
Karnataka,2030,4331914.983854232,3865708.1741764075,4798121.793532057,3618913.1968933195,5044916.770815145
Kerala,2020,3030902.751050008,3027325.1344302506,3034480.3676697654,3025431.2585921627,3036374.2435078532
Kerala,2021,3099824.1087474567,3091824.3147882456,3107823.902706668,3087589.4796733377,3112058.7378215757
Kerala,2022,3168745.4664449054,3155359.2507925443,3182131.6820972664,3148273.016273332,3189217.916616479
Kerala,2023,3237666.824142354,3218071.410894888,3257262.23738982,3207698.225718543,3267635.422566165
Kerala,2024,3306588.181839803,3280055.866876948,3333120.4968026574,3266010.5077517773,3347165.8559278282
Kerala,2025,3375509.5395372515,3341381.2521249764,3409637.8269495266,3323314.8280792963,3427704.2509952066
Kerala,2026,3444430.8972347,3402099.9665230424,3486761.827946358,3379691.325408222,3509170.469061178
Kerala,2027,3513352.254932149,3462253.668862621,3564450.841001677,3435203.7113621244,3591500.7985021733
Kerala,2028,3582273.6126295975,3521876.492721276,3642670.732537919,3489904.18874305,3674643.036516145
Kerala,2029,3651194.9703270462,3580997.0632284954,3721392.877425597,3543836.535908701,3758553.4047453916
Kerala,2030,3720116.328024495,3639639.8321822267,3800592.823866763,3597038.1486569685,3843194.5073920214
Madhya Pradesh,2020,3897205.48977775,3888699.187939568,3905711.791615932,3884196.223749989,3910214.7558055106
Madhya Pradesh,2021,3993171.31141159,3974150.642264284,4012191.9805588955,3964081.708236138,4022260.914587042
Madhya Pradesh,2022,4089137.13304543,4057309.4659384685,4120964.800152391,4040460.916716151,4137813.3493747087
Madhya Pradesh,2023,4185102.95467927,4138512.020702072,4231693.888656468,4113848.2700793673,4256357.639279172
Madhya Pradesh,2024,4281068.776313109,4217984.353490007,4344153.199136212,4184589.477279804,4377548.075346414
Madhya Pradesh,2025,4377034.597946949,4295889.650121683,4458179.545772215,4252934.1094915215,4501135.086402377
Madhya Pradesh,2026,4473000.419580789,4372352.498913169,4573648.34024841,4319072.708101188,4626928.131060391
Madhya Pradesh,2027,4568966.241214629,4447471.949676714,4690460.532752545,4383156.756724373,4754775.725704885
Madhya Pradesh,2028,4664932.062848469,4521329.159938248,4808534.965758691,4445310.375086081,4884553.750610857
Madhya Pradesh,2029,4760897.884482309,4593992.190090332,4927803.578874286,4505637.65257435,5016158.116390268
Madhya Pradesh,2030,4856863.706116149,4665519.177825161,5048208.234407137,4564227.503116568,5149499.909115731
Maharashtra,2020,7466952.618623211,7457899.489282272,7476005.74796415,7453107.052098477,7480798.185147945
Maharashtra,2021,7611414.180706151,7583999.506323242,7638828.85508906,7569487.054336046,7653341.307076256
Maharashtra,2022,7746250.74185755,7689779.960566464,7802721.523148636,7659886.134700809,7832615.349014292
Maharashtra,2023,7872825.982201753,7776053.243232573,7969598.721170933,7724824.849696182,8020827.114707325
Maharashtra,2024,7992310.37424736,7843748.901320431,8140871.847174289,7765105.208060179,8219515.540434541
Maharashtra,2025,8105708.556742804,7893831.4415142285,8317585.67197138,7781670.471845471,8429746.641640138
Maharashtra,2026,8213882.83017566,7927256.202859797,8500509.457491523,7775525.231735564,8652240.428615756
Maharashtra,2027,8317573.323405206,7944944.926666629,8690201.720143784,7747687.368863725,8887459.277946686
Maharashtra,2028,8417415.303065564,7947772.547511191,8887058.058619939,7699158.6903513055,9135671.915779823
Maharashtra,2029,8513954.030554619,7936560.687832727,9091347.37327651,7630907.115335729,9397000.945773508
Maharashtra,2030,8607657.51406933,7912075.257342386,9303239.770796273,7543856.253063843,9671458.775074817
Manipur,2020,169483.40468293818,169168.48918745646,169798.3201784199,169001.7829941102,169965.02637176617
Manipur,2021,175140.77435592838,174695.4165912167,175586.13212064008,174459.6584316548,175821.89028020197
Manipur,2022,180798.14402891856,180252.6943906535,181343.59366718362,179963.95079384136,181632.33726399575
Manipur,2023,186455.51370190873,185825.6827109453,187085.34469287217,185492.27032425275,187418.7570795647
Manipur,2024,192112.88337489893,191408.7109198338,192817.05582996405,191035.9445392413,193189.82221055657
Manipur,2025,197770.2530478891,196998.87077186315,198541.63532391505,196590.52566120302,198949.98043457518
Manipur,2026,203427.62272087927,202594.43463583398,204260.81080592456,202153.37150622546,204701.87393553308
Manipur,2027,209084.99239386944,208194.2768644461,209975.7079232928,207722.7605453223,210447.2242424166
Manipur,2028,214742.3620668596,213797.61558041448,215687.10855330474,213297.49700037565,216187.22713334358
Manipur,2029,220399.7317398498,219403.88150364714,221395.5819760525,218876.7102326165,221922.75324708314
Manipur,2030,226057.10141283998,225012.64487365828,227101.55795202169,224459.74298010024,227654.45984557972
Meghalaya,2020,125516.04806221306,125213.9453666965,125818.15075772961,125054.02185994058,125978.07426448553
Meghalaya,2021,128438.2375934051,127762.71543004416,129113.75975676603,127405.11559773778,129471.35958907241
Meghalaya,2022,131360.42712459713,130230.0623423533,132490.79190684095,129631.68337198123,133089.17087721304
Meghalaya,2023,134282.61665578917,132627.93204561385,135937.3012659645,131751.99492435838,136813.23838721996
Meghalaya,2024,137204.8061869812,134964.35263354384,139445.25974041858,133778.32816468953,140631.28420927288
Meghalaya,2025,140126.99571817325,137245.11967710356,143008.87175924293,135719.54665387818,144534.44478246832
Meghalaya,2026,143049.18524936528,139474.65795063452,146623.71254809605,137582.41750031235,148515.95299841822
Meghalaya,2027,145971.37478055732,141656.48522435466,150286.26433675998,139372.32066927667,152570.42889183798
Meghalaya,2028,148893.56431174936,143793.4838210184,153993.64480248032,141093.6642930246,156693.46433047412
Meghalaya,2029,151815.7538429414,145888.07091655512,157743.43676932767,142750.14512312922,160881.36256275358
Meghalaya,2030,154737.94337413344,147942.3112805741,161533.57546769278,144344.9209522063,165130.96579606057
Mizoram,2020,48298.993808211,48242.76348527947,48355.22413114253,48212.99695038031,48384.9906660417
Mizoram,2021,49820.935526026515,49741.41384072013,49900.4572113329,49699.31760336087,49942.55344869216
Mizoram,2022,51342.87724384201,51245.483467598606,51440.27102008542,51193.92631678797,51491.82817089606
Mizoram,2023,52864.818961657526,52752.358315794474,52977.27960752058,52692.82524599613,53036.81267731892
Mizoram,2024,54386.76067947303,54261.025855001375,54512.49550394469,54194.46585951221,54579.05549943385
Mizoram,2025,55908.702397288536,55770.96679803438,56046.43799654269,55698.05397612066,56119.35081845641
Mizoram,2026,57430.64411510405,57281.87266448638,57579.41556572172,57203.117815751044,57658.170414457054
Mizoram,2027,58952.58583291955,58793.54246230678,59111.62920353231,58709.34998758826,59195.82167825083
Mizoram,2028,60474.52755073506,60305.83658194048,60643.21851952964,60216.53697724297,60732.51812422715
Mizoram,2029,61996.469268550565,61818.653374520145,62174.285162580985,61724.523326187875,62268.415210913256
Mizoram,2030,63518.41098636607,63331.916103361684,63704.90586937046,63233.191675792106,63803.630296940035
Nagaland,2020,79290.76621012455,79068.63437912246,79512.89804112664,78951.0448908353,79630.4875294138
Nagaland,2021,80076.35233714062,79579.65046305346,80573.05421122778,79316.71237380394,80835.9923004773
Nagaland,2022,80861.93846415669,80030.79725785012,81693.07967046325,79590.81768039345,82133.05924791993
Nagaland,2023,81647.52459117275,80430.85844537508,82864.19073697043,79786.79429277134,83508.25488957416
Nagaland,2024,82433.11071818882,80785.73696917537,84080.48446720227,79913.6699840417,84952.55145233595
Nagaland,2025,83218.69684520489,81099.69423045077,85337.69945995901,79977.96200493384,86459.43168547594
Nagaland,2026,84004.28297222096,81375.98370307228,86632.58224136963,79984.64611435076,88023.91983009115
Nagaland,2027,84789.86909923702,81617.19195363189,87962.54624484216,79937.67812452826,89642.06007394579
Nagaland,2028,85575.45522625309,81825.43831320635,89325.47213929983,79840.29927264595,91310.61117986024
Nagaland,2029,86361.04135326916,82002.50009700343,90719.58260953489,79695.22772774987,93026.85497878845
Nagaland,2030,87146.62748028523,82149.89550085753,92143.35945971293,79504.78537000224,94788.46959056822
Odisha,2020,2624071.3988117,2621042.9888052847,2627099.808818115,2619439.84538648,2628702.9522369197
Odisha,2021,2690470.1536039896,2683698.422965905,2697241.884242074,2680113.685303776,2700826.621904203
Odisha,2022,2756868.9083962794,2745537.635725597,2768200.181066962,2739539.2223105677,2774198.594481991
Odisha,2023,2823267.6631885692,2806680.3784496915,2839854.947927447,2797899.600315737,2848635.7260614014
Odisha,2024,2889666.417980859,2867207.1282729795,2912125.7076887386,2855317.898475841,2924014.937485877
Odisha,2025,2956065.172773149,2927175.982542324,2984954.363003974,2911882.969015408,3000247.37653089
Odisha,2026,3022463.9275654387,2986631.2971376632,3058296.557993214,2967662.6483988613,3077265.206732016
Odisha,2027,3088862.6823577285,3045608.3357315385,3132117.0289839185,3022710.8677593693,3155014.4969560876
Odisha,2028,3155261.4371500183,3104135.991992232,3206386.8823078047,3077071.8161492767,3233451.05815076
Odisha,2029,3221660.191942308,3162238.4967521066,3281081.8871325096,3130782.5514287795,3312537.8324558367
Odisha,2030,3288058.946734598,3219936.5481679104,3356181.3453012854,3183874.728696948,3392243.164772248
Punjab,2020,2082747.8683336817,2073323.275199492,2092172.4614678714,2068334.1969617414,2097161.539705622
Punjab,2021,2144524.533921093,2131196.146490874,2157852.9213513127,2124140.5243833065,2164908.54345888
Punjab,2022,2206301.199508505,2189977.325359423,2222625.0736575867,2181335.9883687035,2231266.4106483064
Punjab,2023,2268077.865095916,2249228.6788275368,2286927.0513642957,2239250.5223520356,2296905.207839797
Punjab,2024,2329854.530683328,2308780.499775002,2350928.561591654,2297624.581690327,2362084.479676329
Punjab,2025,2391631.1962707397,2368545.752058637,2414716.6404828425,2356325.0560893244,2426937.336452155
Punjab,2026,2453407.861858151,2428472.7322171177,2478342.991499184,2415272.8719285857,2491542.851787716
Punjab,2027,2515184.5274455626,2488527.7525851233,2541841.302306002,2474416.508369989,2555952.546521136
Punjab,2028,2576961.1930329744,2548687.413630405,2605234.972435544,2533720.1789171533,2620202.2071487955
Punjab,2029,2638737.8586203856,2608934.678295961,2668541.03894481,2593157.8276398904,2684317.889600881
Punjab,2030,2700514.5242077974,2669256.68497993,2731772.3634356647,2652709.784415584,2748319.2640000107
Rajasthan,2020,3758199.514032305,3718628.029677624,3797770.9983869866,3697680.151226169,3818718.8768384415
Rajasthan,2021,3868395.0911503704,3812432.5612927456,3924357.621007995,3782807.787483755,3953982.394816986
Rajasthan,2022,3978590.668268436,3910050.8468352114,4047130.489701661,3873768.0570465145,4083413.2794903577
Rajasthan,2023,4088786.2453865013,4009643.276677139,4167929.2140958635,3967747.5197742293,4209824.970998773
Rajasthan,2024,4198981.822504567,4110497.2935169307,4287466.351492204,4063656.4133150745,4334307.231694059
Rajasthan,2025,4309177.399622632,4212247.454589136,4406107.344656128,4160935.841189228,4457418.958056036
Rajasthan,2026,4419372.976740697,4314676.670128528,4524069.283352867,4259253.793251569,4579492.160229825
Rajasthan,2027,4529568.553858763,4417643.494143513,4641493.613574012,4358393.946525532,4700743.161191993
Rajasthan,2028,4639764.130976828,4521049.677912784,4758478.584040872,4458206.0425584195,4821322.219395236
Rajasthan,2029,4749959.708094893,4624823.687140382,4875095.729049404,4558580.679085424,4941338.737104362
Rajasthan,2030,4860155.285212958,4728911.519211061,4991399.051214855,4659435.266233615,5060875.304192302
Sikkim,2020,35386.7368376801,35304.94334089211,35468.530334468094,35261.644479179544,35511.82919618066
Sikkim,2021,36237.934996792705,36055.03917785734,36420.83081572807,35958.21997971968,36517.65001386573
Sikkim,2022,37089.13315590531,36783.08991445844,37395.176397352174,36621.08040869272,37557.1859031179
Sikkim,2023,37940.33131501791,37492.32988253781,38388.33274749801,37255.17224979511,38625.490380240706
Sikkim,2024,38791.52947413051,38184.932666997134,39398.12628126389,37863.819714271434,39719.23923398959
Sikkim,2025,39642.727633243114,38862.46740317274,40422.98786331349,38449.422587529254,40836.03267895697
Sikkim,2026,40493.925792355716,39526.132086882775,41461.71949782866,39013.8130460649,41974.038538646535
Sikkim,2027,41345.12395146832,40176.87914500492,42513.36875793172,39558.44770108958,43131.80020184706
Sikkim,2028,42196.32211058092,40815.48895871567,43577.15526244617,40084.52004262065,44308.12417854119
Sikkim,2029,43047.52026969352,41442.61597193279,44652.424567454254,40593.03095625895,45502.0095831281
Sikkim,2030,43898.718428806125,42058.81921550542,45738.61764210683,41084.83540590917,46712.60145170308
Tamil Nadu,2020,5236361.891116118,5226906.511810339,5245817.270421897,5221901.13635779,5250822.645874446
Tamil Nadu,2021,5368542.863615567,5347399.9927348,5389685.734496334,5336207.632969991,5400878.094261142
Tamil Nadu,2022,5500723.836115016,5465345.046290798,5536102.625939233,5446616.6462551905,5554831.025974841
Tamil Nadu,2023,5632904.8086144645,5581115.563259037,5684694.053969892,5553699.992817598,5712109.624411331
Tamil Nadu,2024,5765085.781113913,5694962.8114114795,5835208.750816347,5657841.953552937,5872329.608674889
Tamil Nadu,2025,5897266.753613362,5807068.18377287,5987465.323453854,5759319.945152902,6035213.562073822
Tamil Nadu,2026,6029447.726112811,5917570.169407896,6141325.282817726,5858345.768364595,6200549.683861027
Tamil Nadu,2027,6161628.69861226,6026578.869458368,6296678.527766151,5955087.8083536355,6368169.588870884
Tamil Nadu,2028,6293809.6711117085,6134184.496475614,6453434.845747803,6049684.03331132,6537935.3089120975
Tamil Nadu,2029,6425990.643611157,6240462.7045852,6611518.582637114,6142250.14623812,6709731.140984194
Tamil Nadu,2030,6558171.616110606,6345478.118102384,6770865.114118828,6232884.981495317,6883458.250725895
Telangana,2020,2059570.5516541603,2055463.967733708,2063677.1355746125,2053290.0735212672,2065851.0297870534
Telangana,2021,2107411.0858572004,2098228.4850557614,2116593.6866586395,2093367.5098208503,2121454.6618935503
Telangana,2022,2155251.620060241,2139886.1899998733,2170617.0501206084,2131752.222661829,2178751.0174586526
Telangana,2023,2203092.1542632813,2180599.467788084,2225584.8407384786,2168692.558810246,2237491.7497163163
Telangana,2024,2250932.6884663217,2220477.447008332,2281387.9299243116,2204355.416038922,2297509.9608937213
Telangana,2025,2298773.222669362,2259598.9088130826,2337947.5365256416,2238861.279723275,2358685.165615449
Telangana,2026,2346613.7568724025,2298024.0006536227,2395203.5130911823,2272302.137451986,2420925.376292819
Telangana,2027,2394454.291075443,2335800.5407680124,2453108.0413828734,2304751.120909273,2484157.4612416127
Telangana,2028,2442294.8252784833,2372967.7095424347,2511621.941014532,2336268.1513249045,2548321.499232062
Telangana,2029,2490135.3594815237,2409558.364465258,2570712.3544977894,2366903.4798909184,2613367.239072129
Telangana,2030,2537975.893684564,2445600.572646783,2630351.214722345,2396700.031548313,2679251.7558208155
Tripura,2020,224050.9328283319,223619.96489041098,224481.9007662528,223391.8242450128,224710.04141165098
Tripura,2021,228852.20180521582,227888.52819990178,229815.87541052987,227378.39020836074,230326.0134020709
Tripura,2022,233653.47078209976,232040.93641371524,235266.00515048427,231187.31228263775,236119.62928156176
Tripura,2023,238454.7397589837,236094.231147376,240815.24837059138,234844.65336969224,242064.82614827514
Tripura,2024,243256.00873586762,240059.86496667183,246452.15250506342,238367.92865742475,248144.0888143105
Tripura,2025,248057.27771275156,243946.10560738575,252168.44981811737,241769.7825565668,254344.77286893633
Tripura,2026,252858.5466896355,247759.26528023946,257957.82809903153,245059.86876035237,260657.2246189186
Tripura,2027,257659.81566651943,251504.3622992017,263815.2690338372,248245.86211769618,267073.76921534265
Tripura,2028,262461.08464340336,255185.50847364173,269736.660813165,251334.05109836542,273588.1181884413
Tripura,2029,267262.35362028726,258806.15205258658,275718.5551879879,254329.70934415833,280194.99789641623
Tripura,2030,272063.62259717117,262369.23855593393,281758.0066384084,257237.34163901836,286889.903555324
Uttar Pradesh,2020,10218504.232367985,10141724.235732192,10295284.229003778,10101079.360684955,10335929.104051014
Uttar Pradesh,2021,10507162.440400742,10398579.127839442,10615745.752962042,10341098.594306681,10673226.286494803
Uttar Pradesh,2022,10795820.648433495,10662833.793255335,10928807.503611656,10592434.804606231,10999206.49226076
Uttar Pradesh,2023,11084478.856466252,10930918.863194667,11238038.849737838,10849629.113100192,11319328.599832313
Uttar Pradesh,2024,11373137.064499008,11201451.772709168,11544822.356288847,11110567.069166562,11635707.059831453
Uttar Pradesh,2025,11661795.272531763,11473723.458321461,11849867.086742064,11374164.25379655,11949426.291266976
Uttar Pradesh,2026,11950453.480564518,11747312.703801833,12153594.257327203,11639776.47235755,12261130.488771485
Uttar Pradesh,2027,12239111.688597273,12021945.063474674,12456278.313719872,11906983.99640915,12571239.380785396
Uttar Pradesh,2028,12527769.896630028,12297429.90672265,12758109.886537407,12175495.281580938,12880044.511679118
Uttar Pradesh,2029,12816428.104662783,12573628.436553612,13059227.772771955,12445098.0561914,13187758.153134167
Uttar Pradesh,2030,13105086.31269554,12850435.872449866,13359736.752941215,12715632.072267301,13494540.55312378
Uttarakhand,2020,628292.9168286227,627277.5178533585,629308.3158038869,626739.9981049731,629845.8355522723
Uttarakhand,2021,643188.9509580676,640918.4498250933,645459.4520910418,639716.519128455,646661.3827876801
Uttarakhand,2022,658084.9850875124,654285.7100111926,661884.2601638322,652274.4952741095,663895.4749009153
Uttarakhand,2023,672981.0192169573,667419.4499807592,678542.5884531554,664475.3330678074,681486.7053661072
Uttarakhand,2024,687877.0533464021,680346.6530022497,695407.4536905546,676360.2998574898,699393.8068353145
Uttarakhand,2025,702773.087475847,693086.7986000163,712459.3763516777,687959.1870048102,717586.9879468838
Uttarakhand,2026,717669.1216052918,705654.7589066112,729683.4843039725,699294.7394737318,736043.5037368519
Uttarakhand,2027,732565.1557347367,718062.3575182073,747067.9539512661,710385.0398941619,754745.2715753115
Uttarakhand,2028,747461.1898641816,730319.2822251312,764603.097503232,721244.9044628419,773677.4752655212
Uttarakhand,2029,762357.2239936264,742433.6574102438,782280.7905770091,731886.7583511288,792827.6896361241
Uttarakhand,2030,777253.2581230713,754412.4229816508,800094.0932644918,742321.2152325638,812185.3010135788
West Bengal,2020,5982541.340285409,5972622.249300632,5992460.431270187,5967371.399713194,5997711.2808576245
West Bengal,2021,6156821.733712779,6142794.020715694,6170849.446709865,6135368.198015159,6178275.2694104
West Bengal,2022,6331102.127140148,6313921.757589614,6348282.496690681,6304827.019321271,6357377.234959024
West Bengal,2023,6505382.520567518,6485544.338597962,6525220.702537074,6475042.639423088,6535722.401711947
West Bengal,2024,6679662.913994887,6657483.1522779185,6701842.675711855,6645741.895660782,6713583.932328992
West Bengal,2025,6853943.307422256,6829646.59579731,6878240.019047203,6816784.693591986,6891101.921252526
West Bengal,2026,7028223.700849626,7001980.2528720815,7054467.148827171,6988087.810691917,7068359.591007335
West Bengal,2027,7202504.0942769945,7174448.668282824,7230559.520271165,7159597.022881755,7245411.165672234
West Bengal,2028,7376784.487704365,7347027.214750031,7406541.760658698,7331274.66598772,7422294.309421009
West Bengal,2029,7551064.881131734,7519697.961301393,7582431.800962075,7503093.316954137,7599036.445309331
West Bengal,2030,7725345.274559103,7692447.371501198,7758243.177617008,7675032.273589077,7775658.2755291285
