State,Year,CVD_Death,Death_LL,Death_UL,CVD_Prevalence,Prev_LL,Prev_UL,CVD_Incidence,Inci_LL,Inci_UL
Andhra Pradesh,2011,106825.248613636,85820.7068812663,130036.08046978,2949463.9588909,2736036.22762263,3160933.57911394,362695.361861936,334879.770988772,393698.086346922
Andhra Pradesh,2012,110008.715018747,89276.9874222394,133153.68812723,3044881.27508041,2830325.28431839,3259914.92356776,373172.415911003,344996.121037716,404076.954395538
Andhra Pradesh,2013,113886.706109992,93575.5989181123,135853.579602071,3141257.2833347,2923276.41486567,3361702.17804382,383944.235913532,355223.434687026,414800.719656172
Andhra Pradesh,2014,115198.148193581,95889.7280727226,138068.317753073,3237644.50713247,3020960.51315662,3458625.8251973,394492.462363451,365515.470759391,425287.970317852
Andhra Pradesh,2015,116801.586933952,96938.0694219956,138563.551533708,3332205.33252833,3109168.38981597,3563151.55105859,404398.801759512,374338.312099995,435343.868649394
Andhra Pradesh,2016,119374.589887688,95348.4464416814,143080.038309946,3472950.2177987,3237091.68121819,3720026.87521657,412686.844274797,381778.673571603,444744.918908753
Andhra Pradesh,2017,121864.108737157,99490.1510884212,147570.947772375,3620000.08577229,3359482.25166158,3875964.03748562,422123.174168018,388647.671006944,458179.470891374
Andhra Pradesh,2018,126933.449550442,100533.796594858,153926.130848389,3722323.23730673,3451907.39562724,3988870.19505825,434336.174764783,400965.43449208,469860.786946423
Andhra Pradesh,2019,130491.117637522,103324.429827604,159663.596616377,3811877.89377021,3536625.99050087,4083520.40579898,445964.664120299,411654.227063081,482745.476417793
Arunachal Pradesh,2011,1030.51360892038,845.637085346062,1277.12665072939,42371.5029048193,39328.6655454526,45448.8022170161,5174.1380412855,4739.04713756368,5607.97292723615
Arunachal Pradesh,2012,1071.52982655377,900.552525535601,1315.85551964784,44064.6541341295,40962.5823164376,47241.9438110747,5354.75198763428,4916.62159969666,5802.47778565449
Arunachal Pradesh,2013,1109.14610469655,921.56062892478,1345.76593113973,45778.8747836752,42567.3873483206,49063.7063010378,5540.24929194897,5085.41349182828,6009.65443035132
Arunachal Pradesh,2014,1127.15254462334,940.094038601633,1374.2553192929,47474.1243911172,44171.321627884,50918.6072775569,5726.78981333831,5256.96054184196,6222.49730901312
Arunachal Pradesh,2015,1142.05624797609,947.095502765638,1397.23702291083,49117.3924852826,45724.0632971441,52677.5889393894,5912.28620262618,5429.12098040882,6422.5290599698
Arunachal Pradesh,2016,1164.62512252257,967.502750488163,1415.36143797098,50731.4518560856,47270.1427962241,54437.9295073016,6085.95147614123,5591.8156089847,6606.49521623836
Arunachal Pradesh,2017,1190.09015947877,987.281928356399,1479.79385265645,52352.9087776114,48736.5714681691,56131.4316940921,6266.22009307421,5769.8068558204,6786.65263237462
Arunachal Pradesh,2018,1244.1279823078,1029.5668083606,1542.33228404945,53884.0787127582,50219.4171455256,57719.7080363098,6470.66405188389,5952.61389491975,7014.94814914567
Arunachal Pradesh,2019,1281.35625507778,1036.2542456181,1618.58620650347,55269.6902271239,51519.6959897491,59069.1174842241,6674.0221080335,6130.48045826543,7221.9515074316
Assam,2011,46748.513613108,42286.0726107802,51629.4228319474,1217735.4314487,1135741.61914338,1305479.34871505,152545.583206737,140868.413692067,164817.074241741
Assam,2012,50861.3498455267,46703.2177502045,55593.4177595559,1263313.11103535,1179436.61394657,1354736.60582968,156854.487156347,145051.538694406,169313.777182119
Assam,2013,51408.7236378618,47202.8506643571,55819.5710656206,1308980.80913415,1220660.99622745,1401552.60770155,160892.474583066,148878.685447205,173475.21060587
Assam,2014,44861.8759669457,40830.439623188,49203.322008997,1355734.33047702,1265988.57309734,1448546.18048844,165296.764784285,152842.014704781,178204.61158204
Assam,2015,43365.1778318164,39399.5090256607,47978.9817691596,1403998.65938681,1308699.39967009,1500878.82583867,170478.206613785,158006.611746807,184100.355122545
Assam,2016,47699.9075878473,43209.048884413,53144.6545298431,1449629.69838816,1355607.26205666,1549318.56461473,175595.815663609,162191.529628034,189560.608285166
Assam,2017,49672.0372197977,44048.4941646336,56076.517807241,1494287.44428415,1388990.24785403,1602036.25956842,180791.693847284,166099.484471193,195666.221647533
Assam,2018,53648.411029757,46495.9646327368,62360.5849245681,1538740.24071055,1436629.41830693,1647639.20818174,186675.698073796,172131.576546482,201535.269836084
Assam,2019,55927.1084224083,46914.886100258,65685.8337615449,1577512.32001853,1469165.39330952,1686006.90033066,192673.123274598,178076.638796127,207861.59113631
Bihar,2011,132852.179463412,115767.63871816,151280.38522133,3717675.28749521,3444215.97073138,4004936.98798706,481690.887511833,444699.347957184,523925.558424433
Bihar,2012,137032.072295608,120127.93518825,153259.530545732,3878380.08907136,3595333.43676644,4176483.04026286,498342.232669361,460444.975545654,540162.874739613
Bihar,2013,139405.080932283,121748.520866242,157182.975869195,4043620.56689645,3744744.99755012,4341393.56490576,514713.29592194,475911.363067606,557019.987423657
Bihar,2014,138403.379337415,121813.622502156,154821.446447854,4206845.37904263,3911709.64799936,4518611.76286021,530802.942924689,490412.998945892,574424.305164638
Bihar,2015,141124.153893413,122619.702443066,159039.203397342,4360426.1311127,4054830.4862655,4687269.00291596,546470.397194297,504355.206599901,589897.18513009
Bihar,2016,145059.946579403,126827.101636215,165471.694122878,4499696.65988858,4168817.35260304,4838390.63985004,559590.377655021,517248.974507824,604263.402545659
Bihar,2017,150063.26228014,127798.812526942,173515.085835191,4633581.15694084,4295357.72629496,4975245.62114185,573435.970920182,528061.148484813,619246.009709051
Bihar,2018,158363.684787527,132394.41118187,184834.96392087,4764831.2229068,4417935.74255235,5105040.14206413,590660.385386798,545291.791343775,637314.544990609
Bihar,2019,165213.262341753,137013.366862921,195297.55314599,4880790.13311476,4530763.83328758,5224938.18260386,606758.967714493,560231.834891045,658639.683819364
Chhattisgarh,2011,50431.7990584578,44633.4252797577,56121.6740903988,1161094.71790485,1078382.49074316,1240625.84835389,146704.685770515,135524.229105331,158541.87757191
Chhattisgarh,2012,53536.5039126485,47803.866317955,59259.1664513253,1211658.53231753,1128893.42572181,1291795.45037539,152035.413052973,140699.88089434,163873.744745634
Chhattisgarh,2013,55137.2456234914,48300.8022915106,61526.7590664293,1262292.45190817,1180711.89831036,1345317.22747619,157244.194403865,145772.8869834,169182.70981708
Chhattisgarh,2014,55510.9748206073,49397.8170799575,61986.2797389293,1311639.27082935,1227788.13043845,1394552.13806232,162439.256441068,150934.704914046,174655.206856686
Chhattisgarh,2015,57592.410633227,50368.8733053834,64909.6804245672,1358809.48054886,1271834.2324902,1445335.34157605,167717.312067019,155592.196701763,180284.469302247
Chhattisgarh,2016,59327.0182868274,52201.7878606014,67004.1847391136,1406323.88036757,1316630.69476282,1498874.97973551,172931.126729672,159804.633004919,186377.030651485
Chhattisgarh,2017,60715.9664189551,52234.006879705,69705.5195323142,1452389.21337577,1355654.15456186,1547158.98318241,178205.956499733,164699.458006578,192857.470000656
Chhattisgarh,2018,63119.5486227756,53704.7746686632,73582.1136524472,1493643.60164434,1392551.59915644,1592018.47645006,183798.317593446,169733.976590078,199075.501971813
Chhattisgarh,2019,65044.0739311008,54439.7516785522,75849.1590673552,1528804.16228655,1427959.69430632,1627524.31490194,189447.551974713,175274.797107995,205185.771806119
Delhi,2011,26140.9853385024,23823.6186229241,29073.8909488502,670975.747237111,623490.641576475,719349.616112696,81880.5430699968,75267.518407201,89142.6759496208
Delhi,2012,25308.893757665,23558.3352596168,27616.4054462712,699722.922723023,650920.047100473,750577.374082707,85132.5372807785,78410.9382051362,92658.6942007342
Delhi,2013,26110.4172357736,24064.2251449424,28488.0384417539,729541.40866464,679292.288324435,783318.385875134,88541.6042778402,81748.7756906832,96133.6946909852
Delhi,2014,25089.710782281,22952.5534410735,27396.4662205646,760102.717190146,708706.316768812,812501.754325353,92014.9189342387,85045.4470159558,99775.5302614997
Delhi,2015,23957.5447315465,22145.0869059404,26119.5298611953,792147.150175994,738898.629414338,847431.468559636,95528.1257524637,88350.1913067708,103592.39160364
Delhi,2016,25269.3227673541,23004.6805778717,27976.8226966002,823953.931098248,766155.479228629,881130.594350516,97633.6506525442,89892.4939311174,105925.097266033
Delhi,2017,26103.0358301062,23407.1647361436,29421.1712147249,856572.639211805,797497.587670515,918404.653341622,100011.583658813,91886.0533742849,108816.30999883
Delhi,2018,27475.0615228965,23925.2293395627,31607.4448272539,888732.259908711,827600.861589953,950906.697728945,104197.528909919,95682.2567078895,113150.991245199
Delhi,2019,28696.4295073598,24408.2771564795,33194.97891816,918656.631469161,854741.642811269,981844.996812918,108418.725200112,99234.8397786703,118090.24388949
Goa,2011,3154.3033821159,2621.45322408364,3762.50618906822,81224.4748966129,75751.2597663295,86625.3203599349,9660.47517150877,8812.206967956,10600.8474255537
Goa,2012,3266.9718512535,2696.81745279729,3849.62894139152,84376.9921910768,78994.7474558425,90016.8110790661,10011.0993010524,9122.26877255913,10948.8698549328
Goa,2013,3421.12281574166,2777.32593373163,4042.34721002736,87545.7283967064,81931.0349625453,93225.298112616,10364.7748149665,9449.01512010212,11308.1326001283
Goa,2014,3496.86404496275,2825.64413118639,4138.59776733305,90637.4114384603,85035.6948395998,96526.8525038487,10710.1416061984,9768.01563344023,11668.8245986364
Goa,2015,3543.24622179719,2926.92948665973,4207.81330542219,93531.5451898967,87693.4486142415,99587.3809052622,11040.259311121,10066.7850012078,12022.782473073
Goa,2016,3597.81538110451,2904.22286393123,4263.93639035407,96317.1622018104,90239.0309090078,102379.300622968,11314.2428656844,10333.3362472637,12344.6260492207
Goa,2017,3686.15054642083,2917.88735998115,4422.84405216139,99058.3743143613,92611.6300400013,105739.716161337,11600.6176593879,10592.68611765,12664.2320610332
Goa,2018,3857.80491776405,3065.73520550572,4727.07339335327,101796.15964705,94810.5345658426,108662.61096959,11972.4020789499,10917.7031563311,13114.7313666002
Goa,2019,3968.90409425886,3123.80652008575,4808.16426102639,104271.934606195,97064.1101137964,111172.504037879,12355.5827428853,11248.9814121487,13580.1864583395
Gujarat,2011,99536.3303730432,91445.7739978694,109334.793884083,2587558.93725817,2404280.19878543,2771383.86365938,330831.427530343,305503.26710985,357800.532828403
Gujarat,2012,103861.741061424,95542.4552557574,113210.714672445,2714898.68503803,2529280.68184178,2909609.59109603,347039.203604836,320560.151919511,375247.292647411
Gujarat,2013,107952.496177278,100010.681382056,117029.456727752,2846122.32642904,2652060.10408596,3046960.21335206,364371.518012774,337374.359089264,393108.30734084
Gujarat,2014,111340.892178801,102040.519018984,120894.310688021,2973694.56394557,2779735.71997743,3185500.45811543,381334.674716924,353134.697014879,411013.943948638
Gujarat,2015,119198.611073736,108735.314221105,129392.808140364,3091882.31272219,2893336.7126228,3310428.64806098,396327.44517133,366812.001036996,426809.528951187
Gujarat,2016,125819.943833383,113018.415853315,138717.499559127,3202990.31686301,2990593.75118796,3426069.14915293,405489.733685566,374448.848451252,437306.084922204
Gujarat,2017,129519.167192642,113869.726504847,146963.171049934,3309119.19331986,3080063.12476414,3540929.64463972,414609.721679098,380139.795528895,451427.015468461
Gujarat,2018,135346.977361792,115720.603417004,157897.862407387,3407724.41832442,3170728.89470652,3641045.12955636,428599.709142806,393540.577655395,464985.945504456
Gujarat,2019,138462.303068588,114188.952377847,164175.07537141,3494794.9294520402,3257533.29164337,3734801.23713323,442275.614283065,407130.127276423,480125.714455548
Haryana,2011,45214.1773464617,41290.495941612,50845.0889280886,1118392.58457013,1040089.22734297,1200720.88032218,141602.489504527,129953.548502625,153496.943813453
Haryana,2012,47310.7697554086,43601.6466073715,51907.3997192321,1169950.77375368,1089159.80165114,1252897.65637522,147543.821682153,135810.423960572,159704.383384401
Haryana,2013,49388.5676681611,45384.1470592445,54432.6043518901,1223188.97738491,1143692.96662848,1308192.79061767,153770.055002714,141580.026037892,166421.972339473
Haryana,2014,49592.0191838124,45341.1722581982,54446.9833171138,1274510.36033386,1192180.6907512,1361723.18044519,159812.007946287,147542.282341564,172716.923929338
Haryana,2015,49183.2396057975,45125.2517579249,53708.1176268964,1321328.39243626,1234036.55747252,1412701.37390706,165210.537187967,152728.203170488,178480.988413947
Haryana,2016,49326.4703486396,44812.2318806893,54661.1167175825,1363830.8591594,1275295.49278067,1456955.0995266,168351.047060411,155372.202324615,181466.042366269
Haryana,2017,49964.0132089374,44214.5982020705,57040.2498572353,1403860.40799431,1307375.71921749,1504528.82542056,171497.094572356,157729.231976958,186146.620166094
Haryana,2018,49882.1856514575,42889.6218459287,58789.7312707732,1442216.5764199,1340722.48035782,1541375.4819613,176699.996824659,162399.706124501,191030.630377533
Haryana,2019,50620.934055081,42201.8327456737,59994.1146637238,1477009.11591538,1374449.5086219,1585434.22123935,181854.81658078,167202.649269953,196605.678446559
Himachal Pradesh,2011,11098.500020648,9945.24960171432,13594.126475507,364602.526083107,339835.386637983,390034.773138167,43852.8290810599,40087.8083725722,47802.3200261971
Himachal Pradesh,2012,11461.7931422016,10256.5347518558,14026.2660845084,378712.809214645,353291.770910104,405086.665075181,45432.6299168612,41588.5620972961,49571.3121422851
Himachal Pradesh,2013,12504.856323002,11281.7639677246,14946.2254959736,393350.883099851,367762.021757872,419741.648984645,47079.7715382715,43209.1862041759,51269.2646984003
Himachal Pradesh,2014,12458.4687501674,11093.0257164248,15130.3870708431,407615.82327349,381257.76806334,434902.688366196,48699.6089383956,44647.2795737514,52976.4853457188
Himachal Pradesh,2015,12802.8963677186,11382.6509267857,15053.1700421117,420831.863923605,393626.080034296,450166.379138216,50215.8655264711,45963.6489125404,54689.5035823742
Himachal Pradesh,2016,13718.7161694127,12124.0955632832,16305.961251521,437310.258809204,409039.254968233,465062.169951981,51927.8882136657,47633.7364755272,56571.5781947377
Himachal Pradesh,2017,14054.6912163645,12134.9501076908,16888.4741190929,453433.110748274,422692.782295214,484671.058547971,53668.5344281134,49129.2612144413,58668.6851055966
Himachal Pradesh,2018,14643.9977602983,12331.2938587895,17708.5513393515,465780.132821498,435150.316951761,496695.878813587,55245.3191215284,50606.0061277581,60275.7414485652
Himachal Pradesh,2019,14985.4390683047,12343.5576335964,18699.2111617406,476956.176157219,444506.838168102,509935.235790877,56727.8214261145,51629.8844420322,61820.0567716008
Jammu & Kashmir and Ladakh,2011,18116.9097135625,16570.6412618887,19914.6454258818,504853.692458942,469028.416605942,541648.570019807,62461.1962473439,57368.7809705126,67879.6351755091
Jammu & Kashmir and Ladakh,2012,19495.3635578133,17952.6614808085,21364.0244233471,526299.58303416,488676.518820145,562635.023720441,64846.8831652078,59636.1504232935,70344.5795600583
Jammu & Kashmir and Ladakh,2013,20533.2894301586,18794.9615293902,22395.1758189198,547571.775808889,510510.869390927,585419.858314434,67274.8266205943,61974.3697699741,72883.1592053398
Jammu & Kashmir and Ladakh,2014,21300.3816494847,19558.2038967694,23208.9484571884,567774.389824098,530289.72994566,605881.20870636,69589.8561363295,64109.2667601581,75286.5820935474
Jammu & Kashmir and Ladakh,2015,21883.1068577925,19998.9344556154,23978.4736876838,585922.100246581,547198.384602097,626647.749700122,71655.2007997292,66032.176198776,77633.6594167195
Jammu & Kashmir and Ladakh,2016,21871.921658071202,19900.1409877588,24542.3755763797,602458.342720221,561728.33800277,643352.033445393,73330.5103173282,67543.543462223,79274.4095531911
Jammu & Kashmir and Ladakh,2017,22519.8749924775,19862.1638721932,26073.290564227,618207.404097486,573739.652380678,660535.147067117,75048.0773055203,69078.3359028585,81279.2328483323
Jammu & Kashmir and Ladakh,2018,23531.0500623427,20543.8032995173,27734.292094419,632674.181066254,587542.446678105,676545.724142127,77012.4817655958,70857.3438991247,83404.270267105
Jammu & Kashmir and Ladakh,2019,24179.8903225927,20663.898349644,28904.3132422382,644801.110626104,600977.596555854,689704.237027485,78859.8145609447,72520.3689945878,85278.1482811812
Jharkhand,2011,40862.0258593938,36551.6103867661,45738.5445891184,1259802.28107594,1167477.31918028,1356516.6340692,159199.264090523,146568.997370015,172608.642511644
Jharkhand,2012,45326.8314301537,40874.2079208663,49881.7636711216,1314977.26476307,1220443.02550536,1409191.75874929,164478.073188073,151690.173401668,177987.749714319
Jharkhand,2013,46504.44440984,42183.3419583987,51057.24294564,1368582.183289,1273898.84380884,1466675.39519602,169380.078869534,156387.993704234,183025.458632695
Jharkhand,2014,46075.7542769665,41232.9545425449,50736.5655277525,1421875.52100416,1323203.77680792,1523717.98948794,174255.036243225,160897.275117066,188134.055317829
Jharkhand,2015,45503.2298310778,41013.4374598545,50365.0390826108,1473753.40989275,1373379.02851369,1580918.0616174,179339.780664432,165002.942790297,193455.102108625
Jharkhand,2016,41885.8807247908,37418.0537451884,46485.3174124344,1525329.85718047,1417042.97583405,1634760.08706153,184312.850194487,169913.277212055,198779.667229345
Jharkhand,2017,40882.8429231559,35392.777935949,47196.1508177107,1579064.19288283,1462657.74233075,1699328.29949633,190041.704485941,174677.861442893,206692.661802181
Jharkhand,2018,42197.426928268,36145.7862593659,48669.6441288739,1634600.10403416,1516340.763369,1757059.28464155,197104.002494181,181358.362288796,214633.422857782
Jharkhand,2019,43685.7826115646,37010.2280298468,51043.0236957924,1685107.72355973,1566262.39144384,1809181.01418293,204002.504230811,187489.5550649,222536.264623606
Karnataka,2011,128485.431877108,117168.215706729,140062.185624009,3052972.96651155,2842242.38062249,3258106.39172522,394949.764294897,365991.250846112,427338.42679883
Karnataka,2012,136284.376390255,123234.918341715,148447.815982685,3174421.09131369,2954932.01356684,3379024.73510529,410430.676426543,380270.397396145,442671.404034603
Karnataka,2013,143168.754206762,130205.659152975,155378.557549771,3296851.25164927,3080552.37592394,3507116.39501493,426506.226856188,395809.751237835,459529.773373102
Karnataka,2014,147486.745096109,134446.211019243,161353.054039919,3412460.06793229,3188859.83982868,3625014.59568386,441673.138463281,410818.320543764,474741.566109868
Karnataka,2015,153943.249802997,139540.409768883,168312.818980311,3514354.33365194,3285989.81590587,3744535.74523549,454618.300806513,422475.039789021,489188.064541113
Karnataka,2016,162429.33455095,146211.743178723,179997.787527625,3608438.61902261,3368830.82967394,3845271.44084856,463321.459906109,429581.814980589,499593.389946802
Karnataka,2017,166372.603566435,145847.974321661,190289.709437731,3696542.88819347,3442589.33905677,3944278.82197545,471862.221491815,435640.426082753,510730.694272493
Karnataka,2018,170920.344600522,145789.70543537,200351.028413218,3776093.16148376,3525152.56972197,4026398.70097237,483224.495576962,446142.541509418,521681.68984089
Karnataka,2019,170633.507954508,141699.825264966,202245.672960311,3846016.79525559,3587017.13499974,4093078.33469541,494366.582362448,456109.641619633,534476.809207943
Kerala,2011,86931.8068721318,78083.8860712879,93955.2527131146,2357326.72786574,2211236.19814815,2510387.76792555,290294.311993682,267958.853641879,314078.924185552
Kerala,2012,87135.1050075031,77278.7451543485,94673.3256086002,2436005.63682807,2284932.34049053,2593183.81135912,298912.979920423,276418.090899369,323053.358969149
Kerala,2013,88489.6287637651,77971.7764664078,95960.1778378916,2515705.02034406,2362520.72502759,2675392.20649432,307963.466320326,284857.665982498,332690.77490427
Kerala,2014,87119.2632754279,77063.9890189065,94873.4612499589,2595921.64000429,2437219.87141829,2755927.48535739,316988.363957684,293275.347523164,342162.759198986
Kerala,2015,88929.1541975468,79095.8045384644,96870.7819242827,2672420.53667647,2512425.78821082,2834536.04502733,325436.04579751,301741.650559135,351328.731555692
Kerala,2016,91983.3503110822,80995.1315636115,101810.342124211,2746626.44707753,2578568.49399981,2920408.9208355,328969.66535847,302759.404314401,355670.029594088
Kerala,2017,95472.8145819996,82602.5429330325,107926.923738571,2819475.17142735,2638002.25922462,3005874.36992136,333122.192569033,305624.964187589,361021.412430385
Kerala,2018,98431.068476541,82083.6095302324,114763.052490929,2893060.03565511,2708914.20459795,3087311.9944434,343060.841765553,315015.56391816,370931.927585693
Kerala,2019,102233.703387164,83794.6083224303,120417.956346365,2961981.39335256,2764692.0396281,3160668.43694719,353482.279127823,324051.150249264,383604.959098945
Madhya Pradesh,2011,109802.863402935,96504.888924396,121549.139354284,2861924.19034493,2652391.8709926,3086320.64568523,367347.415222835,340006.319939436,397876.205732857
Madhya Pradesh,2012,116716.344178341,102781.942686644,129209.984264253,2993971.63659971,2779320.33753792,3220336.01057592,381737.100864324,353369.596597872,412332.26400506
Madhya Pradesh,2013,122495.716540421,108714.496289882,135406.197853246,3127683.33663364,2911525.49903116,3364630.19738412,396040.318176566,367128.818178154,426964.241828382
Madhya Pradesh,2014,124700.112251286,109615.103120084,138361.983711954,3256410.95745021,3033290.43214048,3503424.89350058,410064.009830923,380520.321588197,441312.427607345
Madhya Pradesh,2015,129125.810890556,113763.213891956,143309.934410831,3377143.86448333,3142939.83980031,3621967.02494373,423688.781472544,392900.326361062,455312.395619571
Madhya Pradesh,2016,131833.361924356,114719.205666889,148147.600753602,3490194.07145157,3256600.42748037,3751686.73639663,436130.574868411,404093.738415496,469069.710352639
Madhya Pradesh,2017,134793.43220208,115971.702429064,154281.777202874,3598422.36331435,3344262.52311469,3857422.05256193,448933.93342355,414519.976613937,485045.09683239
Madhya Pradesh,2018,140699.884670879,117538.335184876,163985.382685835,3705273.84651007,3442276.0424597,3977640.81646889,463703.478777225,427647.400331032,499722.196520086
Madhya Pradesh,2019,144634.955880747,120912.227564919,169870.967187072,3801239.66814391,3524053.14705407,4086954.50636173,477932.426816555,440806.128797307,515050.07066463
Maharashtra,2011,210691.824461275,191353.732633003,229635.286159742,5632255.3544283,5228719.2875012,6055064.87158853,693002.676190721,638120.319955441,753226.813858827
Maharashtra,2012,218395.733970099,198069.837669087,236858.856458864,5856481.67621089,5458711.37197539,6265644.60804078,718989.001876414,665172.528697719,779598.729973311
Maharashtra,2013,219788.039132904,199305.167683995,238646.598293694,6086388.69951899,5679310.06969751,6522027.76483865,746718.258856927,691043.589374997,805999.363820516
Maharashtra,2014,218858.763732461,200010.620259541,237845.962917607,6318952.19464297,5899049.82815967,6767363.00191533,774814.608670479,718261.247559682,836859.906063353
Maharashtra,2015,232198.683619185,211528.277550254,252825.118638176,6542678.20828666,6109028.49835132,7008125.62691418,801158.677878591,743179.167022721,864523.159555597
Maharashtra,2016,252337.400333426,224193.214931802,278118.093223564,6758874.43657625,6316696.78945983,7231117.61474722,821681.859428328,759944.083223825,887099.512691481
Maharashtra,2017,261301.097781783,227172.956719866,296621.861791638,6958575.55090304,6473878.15071592,7454808.76092813,841787.005450081,775613.957036639,912763.094551379
Maharashtra,2018,266706.219778706,227453.045388334,309569.489714942,7142537.11424212,6658926.24040537,7639593.1105425,866598.354692938,799378.595399965,938338.641794023
Maharashtra,2019,276151.824891304,225085.727951342,327818.060769963,7311277.27546407,6818453.53760454,7807487.84152759,891281.626118138,820375.028654621,962098.470238646
Manipur,2011,3780.1099614769,3066.53903655785,4419.74031235554,118567.077626136,110373.05827595,126719.939803636,14483.8114087432,13323.9399446959,15695.3777463314
Manipur,2012,3954.50561472193,3251.08305522151,4637.49409958721,124289.005186121,115772.092742643,132713.50051288,15145.3580405235,13924.6704795206,16425.0807695712
Manipur,2013,4138.1477066754,3382.55685935087,4918.11629870107,130099.650753958,121196.912362467,138757.776056206,15827.0637643154,14545.6281251911,17194.8955824667
Manipur,2014,4243.78587672554,3455.18249324084,4993.92163726451,135862.031538622,127017.144790694,145369.519005027,16511.992920477802,15171.2980550765,17946.0017635357
Manipur,2015,4365.11405195155,3535.22484990485,5122.01422791075,141518.909337505,132152.229081463,151195.265342786,17189.146354099,15788.1356228798,18702.8084776699
Manipur,2016,4490.30149146487,3711.03276980139,5269.56538469278,147302.163785973,137624.654934675,157346.912543764,17803.9367474739,16361.1666942507,19379.7493367256
Manipur,2017,4625.36307638152,3795.1215037304,5502.92297487278,153144.967078149,142920.558916138,163937.018913127,18435.2666251508,16937.9688011716,20044.2589698961
Manipur,2018,4876.27297303508,3935.84456894588,5830.22542437959,158730.697344989,148042.367621058,169641.203128981,19178.7198714406,17597.3156867657,20854.5293202267
Manipur,2019,5058.38281372231,4028.16856813804,6042.58623943445,163826.035009948,152866.647405943,175142.659552535,19937.4507146745,18300.2715881576,21714.1226218212
Meghalaya,2011,2139.200825436,1808.12291110853,2651.53431241941,92557.6305599402,85606.4782943658,100200.458038352,11066.1250668727,10108.4529851641,12065.6406864825
Meghalaya,2012,2253.56277939286,1893.85925291328,2743.79153587705,96651.6708667187,89436.0808065938,103997.705014783,11513.86626078,10534.7646017895,12554.3462958822
Meghalaya,2013,2326.09050087194,1968.28979168625,2906.69209917165,100789.60692619,93507.4183532676,108462.234313995,11970.0934384248,10959.2329761591,13054.1903519088
Meghalaya,2014,2353.36524601465,1991.13932968064,2827.20447274606,104883.483036697,97203.9786059639,112607.895810349,12422.3703729525,11388.0593033881,13546.20201438
Meghalaya,2015,2378.89110689905,1994.86888688047,2918.85559158399,108807.368296637,100638.333667634,117015.974194997,12862.6684779385,11770.6256453134,14030.4614778567
Meghalaya,2016,2478.21524645495,2060.01991466917,3070.046486713,112587.898323974,104467.724330225,120926.972224364,13278.5320240003,12175.690618369,14444.3052970428
Meghalaya,2017,2586.53893478634,2169.95452364694,3149.30872214374,116252.247038785,107493.107829379,125269.865217022,13698.7460967057,12534.2280345521,14935.8522657078
Meghalaya,2018,2726.84500262927,2233.50931760657,3472.88263068616,119671.668999829,110956.059485806,129056.698248604,14137.392017285,12990.0311753219,15425.8408383379
Meghalaya,2019,2841.73883339795,2327.17114262935,3547.1662343932,122593.858531021,113630.27496957,131798.904482462,14546.6054636358,13365.8863659803,15818.5973248299
Mizoram,2011,549.863397151072,429.736140528478,946.214645556313,34601.5183478714,32129.5090890004,37040.9010286957,4150.07918469446,3785.30400457335,4541.49185405215
Mizoram,2012,573.479096840472,447.154895091382,1049.03322471365,36116.0773334826,33615.7740051437,38600.2395844563,4317.13928266609,3938.0256329287,4725.9842021011
Mizoram,2013,584.985911293933,459.296675703307,1039.01225404972,37680.2831518294,35231.7493423298,40236.5231196842,4489.35822193917,4094.11054633808,4914.6691934275
Mizoram,2014,586.26057184713,455.850968337073,1124.46914004627,39225.4307463782,36692.549484812604,41826.6684280887,4663.94546363733,4252.7500205732,5111.20300088813
Mizoram,2015,590.824325600172,458.138715265615,1022.45662747154,40735.0284771236,38132.7076188678,43375.0647669628,4839.865894599,4411.21898035903,5306.51230495239
Mizoram,2016,633.229745446702,494.791305636663,1164.29979467465,42198.1657573422,39391.4834852772,45033.6312354574,5010.21756084528,4568.08116810695,5476.07150575041
Mizoram,2017,653.900657414152,508.036004526025,1153.0797758997,43659.8913820998,40646.5706746334,46680.2691658142,5191.68366276093,4729.98810237161,5675.94447011522
Mizoram,2018,687.624449781684,528.967363995434,1261.03826584868,45224.8578469159,42135.5910190897,48386.1104760493,5393.96770679217,4921.15458673616,5890.41948917966
Mizoram,2019,714.349349901677,538.367733666387,1256.09693423065,46777.0520903955,43601.5165525027,50114.7669146937,5596.52888261347,5108.9572645905,6125.47004096716
Nagaland,2011,2102.78436800667,1706.91576819327,2569.44878254157,69128.2554519218,64502.5009298604,73981.0027226517,8370.82944314434,7690.67747270118,9101.27415809485
Nagaland,2012,2174.64508144213,1788.86015461117,2587.13720888307,70454.550864334,65863.1931128991,75109.6697536785,8516.44188597304,7832.89365898505,9249.12212542758
Nagaland,2013,2239.92305799954,1817.01858001178,2666.83976482039,71772.1854873411,67187.697795565007,76419.7885892063,8668.3931748015,7966.86942161522,9397.05768210277
Nagaland,2014,2252.28368555004,1831.71621106292,2687.76250553927,73025.1914581409,68392.0859013891,77745.0182708613,8814.41705288557,8104.0862842561,9559.02434282037
Nagaland,2015,2246.66262932788,1835.54838645655,2693.76183628879,74134.373178259,69432.3788427432,78631.4934793073,8947.17219805694,8234.82744033754,9700.85642814365
Nagaland,2016,2273.18187182242,1877.2581467028201,2733.73498370574,75445.2259618197,70725.0874777609,80152.7041536407,9059.55001681313,8342.63128943092,9817.1182105677
Nagaland,2017,2307.28340707949,1852.48215335006,2749.11235109199,76738.1228850363,71859.3815435612,81393.4291989596,9177.29591812354,8460.16978591396,9960.03496182851
Nagaland,2018,2399.15277494704,1935.78819006762,2877.3184008374,77719.5939560924,72721.142357883,82553.1564153147,9322.34234815506,8589.29064765118,10110.1389096582
Nagaland,2019,2451.71845124975,1939.80999565403,2989.16666090688,78505.1800831085,73610.5963740282,83445.7737719667,9464.72285560521,8711.76013626662,10262.259624404
Odisha,2011,66889.906943958,58301.5261136141,77014.5526938455,1985603.31504809,1849130.99592119,2124600.38205178,242965.468998707,224324.702748765,262848.285645325
Odisha,2012,69814.5174971062,60985.7361660527,79707.4621548643,2060521.37092404,1920226.07240871,2199506.66769174,249107.463399437,230163.193509864,268813.772401002
Odisha,2013,71159.9901506797,61891.1961175815,81800.3241480174,2133924.74087316,1991830.91474991,2271613.66709857,254714.610130464,235842.594866919,274628.578717461
Odisha,2014,68847.3674535103,59913.8658096625,79386.261348337,2207412.16141933,2067014.55270956,2350475.20598338,260627.523446053,240731.284685912,280884.909945249
Odisha,2015,68187.4388534132,59508.8459795716,78758.652128696,2278137.34560793,2133853.83638949,2423941.37778151,267847.780136101,247128.269645854,288768.397664416
Odisha,2016,69278.579139934,59601.6816779062,80657.3093923714,2349503.00314342,2196909.46653604,2509312.12269684,277627.732525192,256077.72735362,300637.616114724
Odisha,2017,71911.6585322029,60162.5146879618,85220.4033070957,2420260.79222381,2263159.85843096,2591362.28783814,287841.517711459,264948.571760449,313028.971836469
Odisha,2018,74332.2209158567,61142.748067236,90561.7867768432,2491273.88922712,2324823.30271835,2663956.44096159,297311.10211418,273652.91633713,322327.010632371
Odisha,2019,76975.9277524078,61827.120640272,95717.3664264178,2557672.64401941,2391002.25609421,2737572.75692487,306760.980543446,281553.113269076,333030.726700077
Punjab,2011,69476.5813281658,61221.5031091845,75002.8246545794,1526757.87804753,1423281.35422747,1627764.21557045,197987.610599174,181746.839399002,214686.605693
Punjab,2012,72721.3772851935,62412.6147076776,78820.7545555845,1591394.97782515,1484236.10709488,1694738.76537115,207027.184039234,190526.800575479,223731.271611333
Punjab,2013,76432.5967892589,67452.6752359268,82791.3369363581,1657158.99037287,1550804.02358252,1764935.71784202,216693.069746271,199804.499855451,234004.295140987
Punjab,2014,79307.0907170473,68906.7128595128,86029.386030282,1721927.60068034,1613242.19117164,1831816.05312786,225898.095567194,208878.788343792,243903.778749645
Punjab,2015,79537.6538381075,69233.7972759397,85987.897683398,1783486.01534258,1669438.18268117,1898820.09033239,233634.184561321,216456.907505214,252499.157865688
Punjab,2016,80999.8368282659,71185.094165045,88277.6486777578,1852421.31274064,1729856.85803698,1975543.91086838,237203.832573149,218719.700277055,256295.60940689
Punjab,2017,82916.7398170147,70807.9399882632,92155.610748601,1919315.11225049,1788101.86224818,2052692.04179061,240905.908088669,220865.272202879,261826.381590795
Punjab,2018,87751.611271473,73370.6655377999,100659.246530448,1973760.61995409,1840396.14441207,2110529.42150199,248390.716352755,227901.191809665,269661.862209522
Punjab,2019,88809.6013971523,71639.1364970175,103560.865212606,2020971.20274627,1887048.79215954,2158484.56459052,255734.724015382,234716.495247169,277136.850392449
Rajasthan,2011,67917.3101581967,60020.4634667247,90230.6564062871,2766439.31996978,2564182.96821529,2966112.1291671,329219.439425959,303370.551859931,358336.891352783
Rajasthan,2012,71874.7292182703,62925.6781471505,93993.4266668381,2861047.86884731,2659414.59412872,3070375.98769808,339424.984621585,313421.362845363,368280.797444523
Rajasthan,2013,77718.9923420997,68382.7131961493,101292.687578714,2958527.62211078,2755631.09565733,3166825.21559932,350012.623155759,323362.332664284,379156.000548533
Rajasthan,2014,83709.902160848,73776.7394261646,109653.590314925,3055531.2149316,2850123.44125603,3286550.76686301,360710.184967693,333514.643992763,389437.778788699
Rajasthan,2015,90853.9772661513,79242.2495550216,119321.982150107,3151516.84311326,2934281.48580794,3372396.56193442,371476.398752189,343318.454414286,401067.444903059
Rajasthan,2016,92188.3896999162,79272.3388937691,122164.762281551,3308926.51605655,3078195.21249921,3549956.14312678,389205.517626498,358818.473768237,419532.071616607
Rajasthan,2017,93269.8490182852,79728.511935537,120950.147443408,3470201.99934667,3226690.6312715,3727993.32113323,407839.979876006,375296.430437555,442317.018121951
Rajasthan,2018,97368.6101482033,80487.2714370968,124977.868387548,3567504.28177212,3315621.97321856,3830470.04726661,420005.239827033,387070.900070625,453679.728082278
Rajasthan,2019,100596.956772345,80815.6020054329,136175.50222668,3648003.93691424,3379829.88505627,3911044.30252797,430184.368822665,396767.354996712,465627.165540011
Sikkim,2011,649.127655915829,532.129348847494,783.142087606673,26321.3029837568,24448.0515988187,28191.8154561213,3068.21560847836,2801.99242498553,3352.15395300653
Sikkim,2012,670.555849791745,561.93115606593,822.366306173474,27393.9792790779,25496.8469088687,29314.4264354223,3176.06150416185,2899.84651466374,3464.68011395376
Sikkim,2013,686.848458067005,577.046388600202,831.840941575624,28472.7091396915,26508.9978730112,30387.3749491249,3286.32245528148,2999.0112687916,3587.26565213538
Sikkim,2014,690.855812588308,577.059427110119,846.430156122675,29534.2702712962,27543.5495601489,31542.602961791,3396.92378301912,3100.07818468865,3702.13198908071
Sikkim,2015,696.384218881972,574.996514760569,862.61335209572,30569.3383506713,28543.0100703304,32782.234831245,3507.41261959783,3195.40364496166,3828.3335720526
Sikkim,2016,706.204447506999,582.658201194061,891.812440454403,31647.3859555074,29495.3329344635,33850.1158284233,3613.4652155903,3295.16960817078,3932.30264430818
Sikkim,2017,721.700587475617,590.521381273654,903.769086484966,32719.2583341552,30464.3865844898,35095.2194203395,3725.71306269046,3407.49923531772,4084.15382756901
Sikkim,2018,756.276596305109,616.765730334586,930.702495354981,33684.3405194549,31398.9049961542,35889.6466831609,3849.52377770674,3509.1985175271,4221.73998655512
Sikkim,2019,781.141424235739,637.895547028848,970.720841510478,34535.5386785675,32246.2192605288,36771.6293810123,3971.77437000265,3614.30953388601,4352.63144308842
Tamil Nadu,2011,191802.127733761,171813.881071778,209003.956180299,3928509.83035913,3646211.83047093,4203919.24886976,523973.910413252,481809.942502781,571529.558709422
Tamil Nadu,2012,195575.808669336,169966.820564436,214297.304827807,4088226.4846021,3805605.85944976,4375459.76950753,545487.557877244,502809.341985953,593717.559897607
Tamil Nadu,2013,202468.233314194,178396.852791309,221004.988193879,4252927.91420508,3969507.6809716,4545131.64134218,568275.802211609,525123.159592851,615279.202302755
Tamil Nadu,2014,206200.17655362,181938.485811288,226052.432075042,4408156.30626859,4125874.39206167,4691610.57019064,589835.312933743,545247.474932184,638908.24818586
Tamil Nadu,2015,205667.832318852,181554.712918912,228277.993670137,4553922.58592042,4268548.5958635,4847845.25795049,608489.168055479,561939.268896726,658272.848121869
Tamil Nadu,2016,204432.803824916,178656.901818806,228313.521669968,4691717.12339085,4393927.07125783,4991125.36685141,610210.11077688,562345.508996221,661027.110566245
Tamil Nadu,2017,207423.894741276,176168.25348071,239077.929810098,4830856.28500183,4501614.09457439,5160396.41008685,612433.736397993,563077.371020549,665337.503477044
Tamil Nadu,2018,216395.795640334,180279.105322249,252110.2492016,4971999.94611722,4627154.25462203,5313705.57389983,632037.392353747,581110.100703952,686641.49771343
Tamil Nadu,2019,220384.377999572,177640.156994983,262074.526690698,5104180.91861667,4758253.60436326,5454261.64201634,651933.702866141,597408.470632663,708017.224415607
Telangana,2011,63008.220852638,48777.3976236105,77945.3326395188,1555634.30455136,1446691.40010945,1663823.63890178,198010.051718269,181945.128557569,214922.401208987
Telangana,2012,64512.255680912,50798.0681744193,79450.3961475403,1616850.14755692,1502037.61391643,1726204.5072197,204489.824677423,188194.805625618,221175.167409297
Telangana,2013,66812.2874765374,53008.4300394369,81040.4855114376,1679592.12922107,1564914.56220436,1790255.21740438,211163.176452007,194695.86885906,228185.189320647
Telangana,2014,67547.833886815,53598.4819175159,83035.163666119,1741004.1340719,1624445.04578193,1853325.48851911,217735.83417781,201201.992366267,234890.108574907
Telangana,2015,68010.7797949352,54448.903511486,85047.564759411,1799021.79658502,1679712.96893181,1921377.58361632,224056.256050452,207127.979785809,241845.259338611
Telangana,2016,68127.8726725894,53100.5276996348,84931.1407366139,1854057.92918414,1727565.57361338,1979174.66430738,228091.103565858,210466.553612107,246281.032701086
Telangana,2017,69150.5665249346,54477.6755716736,86614.5849674197,1909650.78205401,1778597.37698921,2045537.23038922,232460.158399425,213452.497650615,251692.041087023
Telangana,2018,72420.2582339787,56404.4706235102,91139.0498658742,1963889.48324808,1829488.42701069,2096143.42783392,239554.308467172,220686.96575769,259022.827185956
Telangana,2019,74114.0529456079,57083.5695355411,95178.672111188,2011730.01745112,1876043.82617895,2151080.45891341,246583.491573227,226625.727312218,267381.669090649
Tripura,2011,6671.3370754881,5703.73814879117,7746.12383409997,171889.032412737,160398.590255706,183745.753913219,21265.3564968307,19611.6167144051,23057.8337461056
Tripura,2012,6923.96810716971,5863.88435144163,7974.1732684069,178452.683177094,166811.852371351,190146.101651709,21991.5697193546,20312.3579720611,23831.5032551589
Tripura,2013,7146.23013299217,6109.18410189116,8336.3435316317,185000.669649627,173402.372663732,196794.54681799,22726.6568844234,20958.5958244092,24574.2911652819
Tripura,2014,6782.09251597756,5795.79796197232,7854.23323935589,191364.107603569,179502.115395193,203524.022784883,23450.3143474313,21589.9795682397,25373.4043936963
Tripura,2015,7054.26840866224,5956.33984853923,8318.45704399026,197336.113919662,184795.451041495,209620.314959925,24154.4252082723,22217.7711879826,26111.1455328592
Tripura,2016,7549.4931669574,6501.31684767614,8748.93144290226,203217.205106759,190244.028387257,216178.80986924,24752.2391155207,22783.0278134179,26796.8628647793
Tripura,2017,7757.28643789053,6571.22127566848,9177.19193566459,208986.905494527,195410.148765317,222054.653627479,25356.1936595657,23306.0221640429,27627.3124152989
Tripura,2018,8097.55660709378,6784.51274990425,9720.8634511116,214448.394874564,200784.08348355,228233.579680374,26097.3100579187,23982.1049451508,28301.0048462151
Tripura,2019,8345.56558171059,6925.95461265558,9978.78973476969,219249.663851448,204773.969948311,233328.297225313,26860.3108531911,24665.5794774276,29104.5162908358
Uttar Pradesh,2011,231458.284195715,205264.272484583,296496.766271025,7620580.36007469,7015575.85241553,8234420.42979081,953222.972586186,875241.644009675,1036095.70146947
Uttar Pradesh,2012,241404.622968788,213734.516929689,299519.689065167,7922402.04912063,7317365.35835188,8514779.07192503,985926.796440157,910070.859888743,1071664.71830603
Uttar Pradesh,2013,267687.395561147,238287.166730314,346727.904920683,8219891.660856,7597569.72987154,8837544.47339481,1017946.56124405,941739.953668002,1103363.2153502
Uttar Pradesh,2014,283408.90773527,252561.980320452,357857.347464443,8490979.4480425,7878359.62358813,9133461.71491134,1047713.21072048,969807.1473147,1134413.1329216
Uttar Pradesh,2015,293601.139879584,259505.348375797,367393.546576556,8741295.98310043,8077889.91899239,9414844.58209859,1076584.46563118,996905.707594189,1163887.95909505
Uttar Pradesh,2016,297563.438268591,258922.471171795,383703.695326616,9107221.42167333,8406840.79320938,9803745.03083777,1122773.09528687,1039375.70414595,1215061.11958964
Uttar Pradesh,2017,306978.10654193,262134.226529119,400225.0883376,9483061.89312905,8716726.98514499,10225396.5935176,1171586.89936044,1078863.72446523,1271290.14888478
Uttar Pradesh,2018,322927.714194047,269748.789905706,406658.680300111,9728268.88572751,8958797.60315899,10490614.3238188,1204243.53682308,1107852.25861459,1302547.27519542
Uttar Pradesh,2019,328687.544259266,274455.779552079,409006.32158302,9929846.02433523,9190444.57909071,10736678.650301,1230923.77407067,1133763.91054328,1330644.34751217
Uttarakhand,2011,18479.7160362539,16062.814316598,22715.4030520849,473286.964882078,439796.744321992,507257.663962371,58831.4961946085,53945.0155241513,64120.7252196105
Uttarakhand,2012,18944.7983807755,16639.9565266358,22698.5036826858,491908.228922677,459021.679355656,526803.667134346,60724.4854036802,55767.4349037107,66081.5696911159
Uttarakhand,2013,19231.9530122195,16885.8731340254,23505.8144172452,510575.861110002,475931.991122837,545057.114557796,62665.1554298231,57624.7197791309,68184.6839067883
Uttarakhand,2014,19162.9163699046,16852.4880063002,23180.0649872932,529295.793215173,494445.953987554,563045.993580338,64633.5513241749,59407.8046471919,70159.1907166723
Uttarakhand,2015,19523.7374293562,17146.9956112778,23518.6884057864,547178.041254229,511113.82726513,582863.256231768,66620.345236707,61293.3632675969,72317.0477082224
Uttarakhand,2016,19954.8257159478,17490.4279475279,24576.8390826999,564769.636026901,526819.218966197,602553.529815551,68370.9456773873,62933.4312045945,74295.2478226094
Uttarakhand,2017,20308.744276031,17531.1393766163,24505.8211532401,582041.300461226,541784.090881026,622258.864283938,70193.8714713375,64415.9682137726,76506.491161197
Uttarakhand,2018,21009.0958765061,17798.7362938718,25995.9819695042,598500.848569733,557020.015747214,640164.306095686,72328.020851165,66238.9460565635,78649.8055184585
Uttarakhand,2019,21504.5326319535,17601.0335382789,26662.2645085988,613396.882699178,570577.037519651,655687.29488208,74394.4357550625,67930.0396712922,81018.0906603404
West Bengal,2011,186233.157978922,163728.272498278,202331.975482515,4414017.79944327,4125305.13002472,4710345.4581231,549658.524474437,510833.547512347,591755.1299015
West Bengal,2012,196228.444989374,168810.287801863,212533.077395582,4591509.49857758,4303504.83024989,4897754.60488372,569353.152467419,530272.786060532,612307.66468654
West Bengal,2013,195260.534911014,169584.269531144,212249.828426617,4769678.2527426,4473112.68392421,5092440.57634712,589274.002063425,549356.687801066,633006.05305198
West Bengal,2014,198797.605974261,172669.21107904,216328.309056792,4947139.2093223,4645454.15210273,5261817.74697925,608839.163376184,568534.579341476,652430.150446749
West Bengal,2015,200329.148673657,174104.382547854,218041.965706488,5119203.8439425,4798488.70495861,5452926.35241562,627517.654423253,584911.924457748,672452.611482833
West Bengal,2016,200857.985202963,175548.254244641,220999.240628361,5299101.15543485,4953634.11371324,5644344.11293342,640876.353807158,594504.320358881,686643.248281599
West Bengal,2017,204859.262791926,173083.348363428,233198.158493606,5479147.71214895,5115070.31071827,5842105.47681264,655755.007668403,605441.54949701,705643.569446014
West Bengal,2018,212995.951722192,178015.718662002,246550.485288723,5651018.98615159,5284365.2010317,6011241.1251279,678759.894017655,627405.210381985,728339.249363507
West Bengal,2019,220217.766184448,179568.914513178,257862.227573338,5808260.94685804,5423597.35206112,6188489.74358495,703807.677953461,651945.320796281,755953.70557815
