State,Year,Forecasted_CVD_Incidences,Lower_80,Upper_80,Lower_95,Upper_95
Andhra Pradesh,2020,456373.32690259436,454787.50280162005,457959.15100356867,453948.018232003,458798.6355731857
Andhra Pradesh,2021,466781.98968488973,464539.29573375377,469024.6836360257,463352.08526999835,470211.8940997811
Andhra Pradesh,2022,477190.65246718505,474443.92455243034,479937.38038193976,472989.8946256835,481391.4103086866
Andhra Pradesh,2023,487599.3152494804,484427.6670475318,490770.96345142904,482748.6979082977,492449.93259066314
Andhra Pradesh,2024,498007.9780317758,494461.96754163975,501553.98852191184,492584.8229779139,503431.1330856377
Andhra Pradesh,2025,508416.6408140712,504532.1809448763,512301.10068326606,502475.87210237456,514357.4095257678
Andhra Pradesh,2026,518825.30359636655,514629.607402096,523020.9997906371,512408.54000141314,525242.0671913199
Andhra Pradesh,2027,529233.9663786619,524748.57847639,533719.3542809339,522374.1575488792,536093.7752084447
Andhra Pradesh,2028,539642.6291609573,534885.1568580344,544400.1014638802,532366.7031491832,546918.5551727314
Andhra Pradesh,2029,550051.2919432527,545036.475815785,555066.1080707203,542381.792515229,557720.7913712764
Andhra Pradesh,2030,560459.954725548,555200.3711991135,565719.5382519825,552416.1158644009,568503.7935866952
Arunachal Pradesh,2020,6861.507616377001,6847.273928534428,6875.741304219574,6839.739069337091,6883.276163416911
Arunachal Pradesh,2021,7048.9931247205,7028.863650330949,7069.122599110052,7018.207750263502,7079.778499177499
Arunachal Pradesh,2022,7236.478633064001,7211.825162541589,7261.132103586413,7198.774403583923,7274.1828625440785
Arunachal Pradesh,2023,7423.964141407501,7395.496765722355,7452.4315170926475,7380.42704732768,7467.501235487322
Arunachal Pradesh,2024,7611.449649751001,7579.622156164495,7643.2771433375065,7562.773698798359,7660.125600703643
Arunachal Pradesh,2025,7798.9351580945,7764.0698857221405,7833.80043046686,7745.613325404946,7852.256990784054
Arunachal Pradesh,2026,7986.420666438001,7948.761868167229,8024.079464708772,7928.826504567187,8044.014828308815
Arunachal Pradesh,2027,8173.906174781501,8133.6472260023975,8214.165123560604,8112.335425867505,8235.476923695498
Arunachal Pradesh,2028,8361.391683125,8318.690619597282,8404.09274665272,8296.086042005269,8426.697324244733
Arunachal Pradesh,2029,8548.8771914685,8503.86631838212,8593.88806455488,8480.039001469868,8617.715381467133
Arunachal Pradesh,2030,8736.362699812002,8689.154897855144,8783.57050176886,8664.164597049417,8808.560802574586
Assam,2020,198670.54847540002,198107.57990463328,199233.51704616676,197809.56234515258,199531.53460564747
Assam,2021,204667.97367620203,203409.1376827717,205926.80966963238,202742.75016128426,206593.1971911198
Assam,2022,210665.39887700405,208558.9633656731,212771.834388335,207443.88376285377,213886.91399115432
Assam,2023,216662.82407780606,213579.31822405217,219746.32993155994,211947.00882545,221378.6393301621
Assam,2024,222660.24927860807,218485.16261580534,226835.3359414108,216275.00524205662,229045.49331515952
Assam,2025,228657.67447941008,223287.29659120942,234028.05236761074,220444.39026421693,236870.95869460324
Assam,2026,234655.0996802121,227993.9657201449,241316.2336402793,224467.77440283992,244842.42495758427
Assam,2027,240652.5248810141,232611.7253697146,248693.3243923136,228355.1832267537,252949.86653527452
Assam,2028,246649.95008181612,237145.9467502575,256153.95341337472,232114.8312932969,261185.06887033532
Assam,2029,252647.37528261813,241601.13427069958,263693.6162945367,235753.60750144476,269541.1430637915
Assam,2030,258644.80048342014,245981.1356305586,271308.4653362817,239277.39639980308,278012.2045670372
Bihar,2020,622392.4777398264,620562.8161291158,624222.1393505371,619594.2517789658,625190.703700687
Bihar,2021,638025.9877651598,635438.4555007394,640613.5200295802,634068.6986607263,641983.2768695933
Bihar,2022,653659.4977904932,650490.430920084,656828.5646609024,648812.8282552244,658506.167325762
Bihar,2023,669293.0078158266,665633.6845944052,672952.3310372479,663696.5558941053,674889.4597375478
Bihar,2024,684926.51784116,680835.2701037892,689017.7655785307,678669.494376271,691183.5413060489
Bihar,2025,700560.0278664934,696078.2905182935,705041.7652146934,693705.8020773758,707414.2536556111
Bihar,2026,716193.5378918268,711352.7082864846,721034.3674971691,708790.127887225,723596.9478964286
Bihar,2027,731827.0479171602,726651.9833883194,737002.112446001,723912.4697082932,739741.6261260272
Bihar,2028,747460.5579424936,741971.5731103616,752949.5427746256,739065.8800599119,755855.2358250753
Bihar,2029,763094.067967827,757308.169930609,768879.966005045,754245.3005236944,771942.8354119596
Bihar,2030,778727.5779931603,772659.2769371158,784795.8790492049,769446.9124023541,788008.2435839666
Chhattisgarh,2020,195096.78635597997,194895.69439340296,195297.878318557,194789.2427386742,195404.32997328576
Chhattisgarh,2021,200746.02073724696,200296.36543919588,201195.67603529803,200058.33230290507,201433.70917158885
Chhattisgarh,2022,206395.25511851395,205642.8378913167,207147.67234571118,205244.53227106662,207545.97796596127
Chhattisgarh,2023,212044.48949978093,210943.06345941668,213145.9155401452,210360.00373362986,213728.975265932
Chhattisgarh,2024,217693.72388104792,216202.38597241705,219185.0617896788,215412.91937166895,219974.5283904269
Chhattisgarh,2025,223342.9582623149,221424.6632003939,225261.2533242359,220409.17913537944,226276.73738925037
Chhattisgarh,2026,228992.1926435819,226612.84045489028,231371.5448322735,225353.28749005392,232631.09779710986
Chhattisgarh,2027,234641.42702484888,231769.25930825068,237513.59474144707,230248.82556156022,239034.02848813753
Chhattisgarh,2028,240290.66140611586,236895.83835288783,243685.4844593439,235098.7275837841,245482.59522844764
Chhattisgarh,2029,245939.89578738285,241994.18656038237,249885.60501438333,239905.45426641137,251974.33730835433
Chhattisgarh,2030,251589.13016864983,247065.6783261937,256112.58201110596,244671.10756590907,258507.1527713906
Delhi,2020,111735.99796637759,110766.75655404382,112705.23937871135,110253.67114350671,113218.32478924847
Delhi,2021,115053.27073264317,113682.5563821071,116423.98508317924,112956.94403586976,117149.59742941658
Delhi,2022,118370.54349890875,116691.76812794685,120049.31886987065,115803.07812827424,120938.00886954326
Delhi,2023,121687.81626517435,119749.33344050682,123626.29908984188,118723.1626194326,124652.4699109161
Delhi,2024,125005.08903143993,122837.79934685372,127172.37871602614,121690.50549062937,128319.67257225049
Delhi,2025,128322.36179770553,125948.21489991328,130696.50869549777,124691.41744963094,131953.3061457801
Delhi,2026,131639.6345639711,129075.26282655094,134204.00630139126,127717.76642893428,135561.50269900792
Delhi,2027,134956.9073302367,132215.47862916454,137698.33603130883,130764.25393668987,139149.5607237835
Delhi,2028,138274.1800965023,135366.455859501,141181.9043335036,133827.19962788967,142721.16056511493
Delhi,2029,141591.45286276785,138526.44239723473,144656.46332830098,136903.92386573492,146278.98185980078
Delhi,2030,144908.72562903346,141694.1155330482,148123.33572501873,139992.40374089117,149825.04751717576
Goa,2020,12692.471189307425,12642.731886965777,12742.210491649073,12616.4014908054,12768.540887809451
Goa,2021,13029.359635729552,12959.017639775018,13099.701631684085,12921.780836422355,13136.938435036749
Goa,2022,13366.248082151676,13280.097083362914,13452.399080940439,13234.491499429721,13498.004664873632
Goa,2023,13703.136528573803,13603.657923890509,13802.615133257097,13550.997131569751,13855.275925577855
Goa,2024,14040.02497499593,13928.804513806592,14151.245436185267,13869.927958117485,14210.121991874374
Goa,2025,14376.913421418056,14255.077510519,14498.749332317111,14190.581475200734,14563.245367635378
Goa,2026,14713.801867840182,14582.20404345833,14845.399692222034,14512.540363296159,14915.063372384206
Goa,2027,15050.690314262307,14910.00632235324,15191.374306171374,14835.532715647912,15265.847912876701
Goa,2028,15387.578760684433,15238.360853659491,15536.796667709375,15159.369665178356,15615.78785619051
Goa,2029,15724.467207106558,15567.177722479206,15881.75669173391,15483.913698917857,15965.020715295259
Goa,2030,16061.355653528684,15896.389050327394,16226.322256729974,15809.061005682004,16313.650301375365
Gujarat,2020,456206.137627135,452063.9184151843,460348.35683908564,449871.1600189237,462541.11523534625
Gujarat,2021,470136.6609712049,464278.6783833419,475994.643559068,461177.6497203426,479095.67222206725
Gujarat,2022,484067.18431527494,476892.65018408844,491241.7184464614,473094.6812330418,495039.68739750807
Gujarat,2023,497997.7076593449,489713.26923544356,506282.1460832462,485327.75244292227,510667.6628757675
Gujarat,2024,511928.23100341484,502665.94726778753,521190.51473904215,497762.79043551534,526093.6715713143
Gujarat,2025,525858.7543474848,515712.43087545224,536005.0778195173,510341.29167541006,541376.2170195595
Gujarat,2026,539789.2776915547,528829.9957808193,550748.5596022902,523028.50237906486,556550.0530040447
Gujarat,2027,553719.8010356247,542003.8358598986,565435.7662113508,535801.7785339,571637.8235373494
Gujarat,2028,567650.3243796946,555223.6667438427,580076.9820155466,548645.3915550607,586655.2572043285
Gujarat,2029,581580.8477237646,568482.0004462927,594679.6950012365,561547.8895556511,601613.8058918781
Gujarat,2030,595511.3710678347,581773.1841423927,609249.5579932766,574500.6272860947,616522.1148495746
Haryana,2020,186886.35746543715,185308.9613058169,188463.7536250574,184473.93821885483,189298.77671201946
Haryana,2021,191917.89835009427,189687.12330792408,194148.67339226446,188506.2223334477,195329.57436674085
Haryana,2022,196949.4392347514,194217.3089426251,199681.5695268777,192771.00653051378,201127.871938989
Haryana,2023,201980.98011940852,198826.187800168,205135.77243864903,197156.1416262439,206805.81861257314
Haryana,2024,207012.52100406564,203485.35596370764,210539.68604442364,201618.18757847874,212406.85442965254
Haryana,2025,212044.06188872276,208180.24617542737,215907.87760201815,206134.86568892666,217953.25808851887
Haryana,2026,217075.60277337988,212902.20481599635,221249.00073076342,210692.94138889728,223458.2641578625
Haryana,2027,222107.143658037,217645.59357369662,226568.6937423774,215283.7916247438,228930.4956913302
Haryana,2028,227138.68454269416,222406.4960638334,231870.87302155493,219901.42680294722,234375.9422824411
Haryana,2029,232170.22542735128,227182.06079054874,237158.39006415382,224541.4859369238,239798.96491777877
Haryana,2030,237201.7663120084,231970.13510480046,242433.39751921635,229200.676834063,245202.8557899538
Himachal Pradesh,2020,58337.19546924677,58220.74899099829,58453.64194749525,58159.10594898891,58515.28498950463
Himachal Pradesh,2021,59946.56951237905,59781.88932354947,60111.24970120863,59694.71289751387,60198.42612724423
Himachal Pradesh,2022,61555.94355551132,61354.252338822494,61757.63477220015,61247.48345812914,61864.4036528935
Himachal Pradesh,2023,63165.317598643596,62932.42464214664,63398.210555140555,62809.13855812788,63521.49663915931
Himachal Pradesh,2024,64774.69164177587,64514.30940067182,65035.07388287992,64376.47136839897,65172.91191515277
Himachal Pradesh,2025,66384.06568490814,66098.83123085527,66669.30013896101,65947.83723173934,66820.29413807695
Himachal Pradesh,2026,67993.43972804042,67685.35130554566,68301.52815053519,67522.25914633133,68464.62030974952
Himachal Pradesh,2027,69602.81377117269,69273.45339351353,69932.17414883185,69099.10054144233,70106.52700090305
Himachal Pradesh,2028,71212.18781430495,70862.84837955952,71561.52724905038,70677.91925353138,71746.45637507853
Himachal Pradesh,2029,72821.56185743723,72453.32576066679,73189.79795420768,72258.3933460157,73384.73036885877
Himachal Pradesh,2030,74430.93590056952,74044.72662406103,74817.145177078,73840.2797827798,75021.59201835922
Jammu & Kashmir and Ladakh,2020,80707.14735629359,80436.4297583342,80977.86495425297,80293.12051863286,81121.17419395431
Jammu & Kashmir and Ladakh,2021,82554.48015164248,81949.13719989984,83159.82310338512,81628.6879981238,83480.27230516115
Jammu & Kashmir and Ladakh,2022,84401.81294699137,83388.88044685693,85414.74544712581,82852.66637153544,85950.9595224473
Jammu & Kashmir and Ladakh,2023,86249.14574234026,84766.36439118056,87731.92709349997,83981.42735834714,88516.86412633338
Jammu & Kashmir and Ladakh,2024,88096.47853768915,86088.78309727258,90104.17397810573,85025.97333061263,91166.98374476568
Jammu & Kashmir and Ladakh,2025,89943.81133303804,87361.33004096913,92526.29262510696,85994.24702420541,93893.37564187068
Jammu & Kashmir and Ladakh,2026,91791.14412838694,88587.9703119533,94994.31794482058,86892.31252049627,96689.9757362776
Jammu & Kashmir and Ladakh,2027,93638.47692373583,89771.85622338782,97505.09762408384,87724.99086643572,99551.96298103593
Jammu & Kashmir and Ladakh,2028,95485.80971908472,90915.57065686963,100056.0487812998,88496.23223854601,102475.38719962342
Jammu & Kashmir and Ladakh,2029,97333.14251443361,92021.27967073304,102645.00535813418,89209.34933718023,105456.93569168699
Jammu & Kashmir and Ladakh,2030,99180.4753097825,93090.83352807484,105270.11709149016,89867.17189555329,108493.77872401172
Jharkhand,2020,210901.00596744093,210116.803526471,211685.20840841086,209701.67183043621,212100.34010444564
Jharkhand,2021,217799.5077040709,216045.97773794085,219553.03767020092,215117.7150459923,220481.30036214946
Jharkhand,2022,224698.00944070084,221763.79258471954,227632.22629668214,220210.512007767,229185.50687363467
Jharkhand,2023,231596.5111773308,227301.25751163234,235891.76484302926,225027.4875690961,238165.5347855655
Jharkhand,2024,238495.01291396076,232679.2119576628,244310.81387025872,229600.51290158427,247389.51292633725
Jharkhand,2025,245393.51465059072,237912.70014770993,252874.3291534715,233952.59616172718,256834.43313945425
Jharkhand,2026,252292.01638722068,243013.20797346148,261570.82480097987,238101.3035049911,266482.72926945024
Jharkhand,2027,259190.51812385063,247989.86691249989,270391.1693352014,242060.60032119596,276320.4359265053
Jharkhand,2028,266089.01986048056,252850.15893891285,279327.8807820483,245841.92930226267,286336.11041869846
Jharkhand,2029,272987.5215971105,257600.3585920945,288374.6846021265,249454.88652810134,296520.15666611964
Jharkhand,2030,279886.0233337404,262245.8256301391,297526.22103734175,252907.669041354,306864.3776261268
Karnataka,2020,505508.6691479338,502750.5777835156,508266.76051235193,501290.53240988276,509726.8058859848
Karnataka,2021,516650.7559334196,510483.47615442553,522818.0357124137,507218.71544874826,526082.7964180909
Karnataka,2022,527792.8427189055,517473.00979183294,538112.6756459781,512010.02023455437,543575.6652032568
Karnataka,2023,538934.9295043915,523828.24094487133,554041.6180639117,515831.2430836734,562038.6159251096
Karnataka,2024,550077.0162898775,529622.463285808,570531.569293947,518794.47699478077,581359.5555849742
Karnataka,2025,561219.1030753634,534908.5883392832,587529.6178114436,520980.6431617246,601457.5629890023
Karnataka,2026,572361.1898608494,539727.0127388978,604995.366982801,522451.52290418244,622270.8568175164
Karnataka,2027,583503.2766463354,544109.8524895868,622896.700803084,523256.2334131381,643750.3198795327
Karnataka,2028,594645.3634318213,548083.4221844226,641207.3046792201,523435.0193857819,665855.7074778609
Karnataka,2029,605787.4502173073,551669.7897895504,659905.1106450643,523021.6308638756,688553.269570739
Karnataka,2030,616929.5370027933,554887.8059253496,678971.268080237,522044.8973834467,711814.1766221399
Kerala,2020,361380.77501959226,358056.2221586862,364705.3278804983,356296.3101823881,366465.2398567964
Kerala,2021,369279.2709113615,364577.6431666419,373980.8986560811,362088.7517811783,376469.7900415447
Kerala,2022,377177.76680313074,371419.47233559296,382936.0612706685,368371.2153757957,385984.31823046575
Kerala,2023,385076.26269490004,378427.1569730879,391725.36841671215,374907.3330204917,395245.1923693084
Kerala,2024,392974.7585866693,385540.83239489194,400408.6847784466,381605.5495814734,404343.96759186516
Kerala,2025,400873.2544784385,392729.79634630866,409016.7126105684,388418.9100121652,413327.59894471185
Kerala,2026,408771.75037020777,399975.810279762,417567.6904606535,395319.52086111304,422223.9798793025
Kerala,2027,416670.246261977,407266.99077253777,426073.50175141625,402289.20800161053,431051.2845223435
Kerala,2028,424568.7421537463,414595.08357102814,434542.4007364645,409315.3476421338,439822.1366653588
Kerala,2029,432467.23804551555,421954.07880342344,442980.39728760766,416388.7484769132,448545.7276141179
Kerala,2030,440365.7339372848,429339.4395019568,451392.0283726128,423502.47181252314,457228.99606204644
Madhya Pradesh,2020,491755.5532657656,490698.2666387144,492812.8398928168,490138.57290690223,493372.53362462897
Madhya Pradesh,2021,505578.6797149762,504083.4506276847,507073.90880226775,503291.92416138074,507865.4352685717
Madhya Pradesh,2022,519401.8061641869,517570.5320079711,521233.08032040275,516601.1140277946,522202.4983005792
Madhya Pradesh,2023,533224.9326133975,531110.3593592951,535339.5058674999,529990.9718956708,536458.8933311242
Madhya Pradesh,2024,547048.0590626082,544683.8942928202,549412.2238323961,543432.3810619077,550663.7370633086
Madhya Pradesh,2025,560871.1855118189,558281.372763675,563460.9982599627,556910.4087085013,564831.9623151365
Madhya Pradesh,2026,574694.3119610294,571896.9944813376,577491.6294407212,570416.184056601,578972.4398654578
Madhya Pradesh,2027,588517.4384102401,585526.9802356571,591507.8965848231,583943.9273030491,593090.9495174311
Madhya Pradesh,2028,602340.5648594508,599168.7049782972,605512.4247406044,597489.6237828607,607191.5059360409
Madhya Pradesh,2029,616163.6913086614,612820.2574275426,619507.1251897801,611050.3504428967,621277.032174426
Madhya Pradesh,2030,629986.8177578719,626480.1947200827,633493.4407956612,624623.900614148,635349.7349015959
Maharashtra,2020,916066.4948591456,912190.5616287849,919942.4280895063,910138.7665162282,921994.223202063
Maharashtra,2021,940851.3636001531,935369.9662589245,946332.7609413818,932468.2897835359,949234.4374167704
Maharashtra,2022,965636.2323411608,958922.9190594315,972349.54562289,955369.1056777617,975903.3590045598
Maharashtra,2023,990421.1010821683,982669.2346214469,998172.9675428896,978565.6443963334,1002276.5577680032
Maharashtra,2024,1015205.9698231758,1006539.119643839,1023872.8200025127,1001951.1662962602,1028460.7733500914
Maharashtra,2025,1039990.8385641833,1030496.7798727023,1049484.8972556642,1025470.9287902019,1054510.7483381648
Maharashtra,2026,1064775.7073051909,1054520.9518793651,1075030.4627310166,1049092.4122702824,1080459.0023400993
Maharashtra,2027,1089560.5760461986,1078597.7813637413,1100523.370728656,1072794.428412964,1106326.723679433
Maharashtra,2028,1114345.4447872061,1102717.6450961241,1125973.244478288,1096562.2597584538,1132128.6298159584
Maharashtra,2029,1139130.3135282136,1126873.5364615398,1151387.0905948875,1120385.1906138589,1157875.4364425684
Maharashtra,2030,1163915.1822692212,1151060.1660316447,1176770.1985067977,1144255.131496609,1183575.2330418334
Manipur,2020,20619.15562791533,20555.281565251968,20683.029690578693,20521.468678960413,20716.842576870247
Manipur,2021,21300.86054115616,21210.52897545376,21391.192106858558,21162.71033307727,21439.010749235047
Manipur,2022,21982.565454396987,21871.932332578202,22093.19857621577,21813.366695570687,22151.764213223287
Manipur,2023,22664.270367637815,22536.522242311086,22792.018492964544,22468.896469727984,22859.644265547646
Manipur,2024,23345.975280878643,23203.14853476428,23488.802026993006,23127.5406225009,23564.409939256388
Manipur,2025,24027.680194119475,23871.221332795674,24184.139055443276,23788.397014650625,24266.963373588325
Manipur,2026,24709.385107360304,24540.39022232569,24878.37999239492,24450.929734088935,24967.840480631672
Manipur,2027,25391.090020601132,25210.426889196337,25571.753152005927,25114.78960444335,25667.390436758913
Manipur,2028,26072.794933841964,25881.172745851873,26264.417121832055,25779.734086977216,26365.855780706712
Manipur,2029,26754.499847082792,26552.51232565824,26956.487368507343,26445.586590712654,27063.41310345293
Manipur,2030,27436.20476032362,27224.358460633593,27648.051060013648,27112.213803725565,27760.195716921677
Meghalaya,2020,14955.8189099866,14932.7444834673,14978.893336505898,14920.52961991225,14991.10820006095
Meghalaya,2021,15365.0323563374,15313.436370098427,15416.628342576374,15286.123104853446,15443.941607821354
Meghalaya,2022,15774.245802688201,15687.909204256697,15860.582401119706,15642.205369807503,15906.2862355689
Meghalaya,2023,16183.459249039002,16057.075409977853,16309.843088100151,15990.17184691836,16376.746651159645
Meghalaya,2024,16592.672695389803,16421.548168346784,16763.797222432822,16330.960315729733,16854.38507504987
Meghalaya,2025,17001.886141740604,16781.770141670873,17222.002141810335,16665.247769819645,17338.524513661563
Meghalaya,2026,17411.099588091405,17138.079291616534,17684.119884566277,16993.551076953812,17828.648099228998
Meghalaya,2027,17820.313034442206,17490.74430340773,18149.881765476683,17316.2811557221,18324.344913162313
Meghalaya,2028,18229.526480793007,17839.985327164246,18619.067634421768,17633.774696678014,18825.278264908
Meghalaya,2029,18638.739927143808,18185.986985364438,19091.49286892318,17946.314055536346,19331.16579875127
Meghalaya,2030,19047.95337349461,18528.906983898836,19566.99976309038,18254.140422643155,19841.766324346063
Mizoram,2020,5799.090058434769,5786.717646217717,5811.462470651822,5780.168086819058,5818.0120300504805
Mizoram,2021,6001.651234256068,5973.98567949309,6029.316789019046,5959.340419455015,6043.9620490571215
Mizoram,2022,6204.212410077367,6157.919082513221,6250.505737641513,6133.412875209113,6275.0119449456215
Mizoram,2023,6406.773585898666,6339.007093278346,6474.540078518987,6303.133679034689,6510.413492762644
Mizoram,2024,6609.334761719965,6517.578496954138,6701.091026485792,6469.005664450657,6749.663858989274
Mizoram,2025,6811.895937541264,6693.870647241903,6929.921227840626,6631.391832618003,6992.4000424645255
Mizoram,2026,7014.457113362563,6868.064757791607,7160.849468933519,6790.569325898369,7238.344900826757
Mizoram,2027,7217.018289183862,7040.3048965108455,7393.731681856879,6946.758477142813,7487.278101224912
Mizoram,2028,7419.579465005161,7210.709106984762,7628.44982302556,7100.139818435808,7739.019111574515
Mizoram,2029,7622.14064082646,7379.376383023883,7864.904898629037,7250.864747745677,7993.416533907243
Mizoram,2030,7824.701816647759,7546.391285875486,8103.012347420033,7399.062590340015,8250.341042955504
Nagaland,2020,9601.459532162819,9582.481458241406,9620.437606084231,9572.435072763794,9630.483991561843
Nagaland,2021,9738.196208720428,9711.357159193049,9765.035258247808,9697.14942459778,9779.242992843077
Nagaland,2022,9874.932885278036,9842.061897016352,9907.80387353972,9824.661046936704,9925.204723619368
Nagaland,2023,10011.669561835646,9973.713413992822,10049.62570967847,9953.620643037595,10069.718480633697
Nagaland,2024,10148.406238393254,10105.969975022961,10190.842501763547,10083.505574166851,10213.306902619657
Nagaland,2025,10285.142914950864,10238.656317542584,10331.629512359144,10214.047799363125,10356.238030538603
Nagaland,2026,10421.879591508472,10371.668327549416,10472.090855467528,10345.08809000056,10498.671093016384
Nagaland,2027,10558.616268066082,10504.938169011322,10612.294367120841,10476.522699820784,10640.70983631138
Nagaland,2028,10695.35294462369,10638.418722859453,10752.287166387927,10608.279566426614,10782.426322820766
Nagaland,2029,10832.0896211813,10772.075681986595,10892.103560376005,10740.306221625298,10923.873020737301
Nagaland,2030,10968.826297738908,10905.883147297955,11031.76944817986,10872.563056169436,11065.08953930838
Odisha,2020,316210.85897271207,314718.48784766794,317703.2300977562,313928.47429518955,318493.2436502346
Odisha,2021,325660.7374019781,322323.6941187216,328997.78068523464,320557.1701122338,330764.30469172244
Odisha,2022,335110.61583124415,329526.67438741465,340694.55727507366,326570.71434313233,343650.517319356
Odisha,2023,344560.4942605102,336386.44096694986,352734.54755407054,332059.35853267775,357061.62998834264
Odisha,2024,354010.37268977624,342942.65221003874,365078.09316951374,337083.7548973633,370936.99048218917
Odisha,2025,363460.2511190423,349223.93792661926,377696.5643114653,341687.68895302113,385232.8132850634
Odisha,2026,372910.1295483083,355252.15626479796,390568.1028318187,345904.58985241357,399915.6692442031
Odisha,2027,382360.00797757437,361044.68482092116,403675.33113422757,349761.0343357143,414958.98161943443
Odisha,2028,391809.8864068404,366615.76211492147,417004.01069875935,353278.7983400073,430340.9744736735
Odisha,2029,401259.76483610645,371977.3288663445,430542.2008058684,356476.14361994073,446043.38605227217
Odisha,2030,410709.6432653725,377139.58492640126,444279.7016043437,359368.66950179887,462050.6170289461
Punjab,2020,262953.1131924653,259915.66930427388,265990.55708065664,258307.7436373303,267598.48274760024
Punjab,2021,270171.50236954854,265875.908027921,274467.0967111761,263601.9577424416,276741.04699665547
Punjab,2022,277389.8915466318,272128.8844071448,282650.89868611883,269343.87545720447,285435.90763605916
Punjab,2023,284608.28072371514,278533.39294733235,290683.16850009793,275317.54161344527,293899.019833985
Punjab,2024,291826.6699007984,285034.7388889612,298618.6009126356,281439.3077949087,302214.0320066881
Punjab,2025,299045.0590778817,291604.8714294774,306485.24672628596,287666.27400114137,310423.844154622
Punjab,2026,306263.44825496495,298227.12710549746,314299.76940443245,293972.95566408715,318553.94084584276
Punjab,2027,313481.8374320483,304890.64874879323,322073.02611530334,300342.74817783444,326620.92668626213
Punjab,2028,320700.22660913155,311587.8949445574,329812.5582737057,306764.1179437267,334636.3352745364
Punjab,2029,327918.6157862148,318313.3748345722,337523.85673785745,313228.6674187852,342608.56415364443
Punjab,2030,335137.0049632981,325062.943264409,345211.06666218716,319730.0571363753,350543.9527902209
Rajasthan,2020,442804.98499720055,438322.5867960933,447287.38319830777,435949.7485207783,449660.2214736228
Rajasthan,2021,455425.60117173614,449086.5328437735,461764.6694996988,445730.8327735051,465120.36956996715
Rajasthan,2022,468046.2173462717,460282.47592219856,475809.9587703448,456172.599471209,479919.83522133436
Rajasthan,2023,480666.8335208072,471702.0371185927,489631.6299230217,466956.3605679628,494377.3064736516
Rajasthan,2024,493287.4496953428,483264.50261544425,503310.39677524136,477958.6749322266,508616.224458459
Rajasthan,2025,505908.06586987834,494928.47745319636,516887.6542865603,489116.23443652905,522699.8973032276
Rajasthan,2026,518528.6820444139,506669.3711271208,530387.992961707,500391.431149262,536665.9329395657
Rajasthan,2027,531149.2982189495,518471.1615630242,543827.4348748748,511759.76142248744,550538.8350154115
Rajasthan,2028,543769.91439348506,530322.7197901633,557217.1089968068,523204.2049642184,564335.6238227517
Rajasthan,2029,556390.5305680205,542215.9428726801,570565.1182633609,534712.3694034592,578068.6917325818
Rajasthan,2030,569011.1467425561,554144.7137485194,583877.5797365928,546274.8995011057,591747.3939840066
Sikkim,2020,4094.02496229856,4086.8886503059107,4101.161274291209,4083.110914932787,4104.939009664333
Sikkim,2021,4216.275554594469,4200.318275870259,4232.23283331868,4191.871002774949,4240.680106413989
Sikkim,2022,4338.526146890379,4311.82451240876,4365.227781371998,4297.689520944635,4379.362772836123
Sikkim,2023,4460.776739186289,4421.689548628602,4499.863929743976,4400.998039827154,4520.555438545424
Sikkim,2024,4583.027331482199,4530.1030252788705,4635.951637685527,4502.086589920065,4663.968073044332
Sikkim,2025,4705.277923778109,4637.201846144808,4773.35400141141,4601.16454749479,4809.3913000614275
Sikkim,2026,4827.528516074019,4743.090533862811,4911.966498285226,4698.39176612914,4956.6652660188975
Sikkim,2027,4949.7791083699285,4847.852185691415,5051.706031048442,4793.895332113144,5105.662884626713
Sikkim,2028,5072.029700665838,4951.554888260578,5192.504513071099,4887.779374961476,5256.280026370201
Sikkim,2029,5194.280292961748,5054.255740437108,5334.304845486388,4980.131219855193,5408.429366068303
Sikkim,2030,5316.530885257658,5156.003516496585,5477.0582540187315,5071.025460611728,5562.0363099035885
Tamil Nadu,2020,667928.6769228346,656708.8301364537,679148.5237092155,650769.4020215402,685087.951824129
Tamil Nadu,2021,683923.6509795282,668056.39148648025,699790.9104725762,659656.7716936294,708190.530265427
Tamil Nadu,2022,699918.6250362217,680485.2803490716,719351.9697233718,670197.8890861385,729639.3609863049
Tamil Nadu,2023,715913.5990929153,693473.9055201536,738353.292665677,681595.0492903265,750232.1488955041
Tamil Nadu,2024,731908.5731496089,706820.2330381287,756996.9132610891,693539.2680257087,770277.8782735091
Tamil Nadu,2025,747903.5472063024,720420.6475874637,775386.4468251411,705872.079341985,789935.0150706198
Tamil Nadu,2026,763898.521262996,734213.596917985,793583.445608007,718499.3471959787,809297.6953300133
Tamil Nadu,2027,779893.4953196896,748158.9763335936,811628.0143057856,731359.7367478921,828427.2538914871
Tamil Nadu,2028,795888.4693763831,762228.9290172405,829548.0097355257,744410.6446725001,847366.2940802661
Tamil Nadu,2029,811883.4434330768,776403.1725899926,847363.714276161,757621.0517480257,866145.835118128
Tamil Nadu,2030,827878.4174897703,790666.3954940701,865090.4394854705,770967.5409676143,884789.2940119264
Telangana,2020,252655.1715550837,251132.01741951975,254178.32569064767,250325.70832561157,254984.63478455585
Telangana,2021,258726.8515369404,256572.7863008412,260880.91677303961,255432.4930447715,262021.21002910932
Telangana,2022,264798.5315187971,262160.3511682417,267436.7118693525,260763.7828509879,268833.2801866063
Telangana,2023,270870.2115006538,267823.9032295259,273916.51977178175,266211.28504170955,275529.1379595981
Telangana,2024,276941.89148251055,273536.0152951796,280347.7676698415,271733.0533503247,282150.7296146964
Telangana,2025,283013.5714643672,279282.62103262555,286744.52189610887,277307.57517758466,288719.56775114976
Telangana,2026,289085.25144622393,285055.36439510214,293115.13849734573,282922.0710527713,295248.4318396766
Telangana,2027,295156.93142808066,290848.80095588224,299465.0619002791,288568.2144437428,301745.6484124185
Telangana,2028,301228.6114099374,296659.1490032455,305798.07381662924,294240.221721521,308217.00109835376
Telangana,2029,307300.2913917941,302483.65509590716,312116.92768768105,299933.88186105073,314666.7009225375
Telangana,2030,313371.97137365077,308320.240608107,318423.70213919453,305646.0158785622,321097.92686873936
Tripura,2020,27559.680147735773,27478.279671832635,27641.08062363891,27435.188862808995,27684.17143266255
Tripura,2021,28259.049442280444,28143.931785274603,28374.167099286286,28082.992178739743,28435.106705821145
Tripura,2022,28958.41873682512,28817.4289768006,29099.40849684964,28742.793506232407,29174.04396741783
Tripura,2023,29657.788031369793,29494.987079563518,29820.58898317607,29408.80546151624,29906.770601223347
Tripura,2024,30357.157325914464,30175.140328394216,30539.174323434712,30078.786350211896,30635.528301617032
Tripura,2025,31056.52662045914,30857.136989676736,31255.916251241542,30751.5864949651,31361.466745953177
Tripura,2026,31755.895915003814,31540.530499161807,31971.26133084582,31426.52293469268,32085.268895314948
Tripura,2027,32455.26520954849,32225.029895536805,32685.50052356017,32103.150682467087,32807.37973662989
Tripura,2028,33154.63450409316,32910.43307638375,33398.835931802576,32781.160649312835,33528.10835887349
Tripura,2029,33854.00379863783,33596.59289216226,34111.4147051134,33460.32778942823,34247.67980784743
Tripura,2030,34553.37309318251,34283.39825685544,34823.34792950958,34140.48221141117,34966.26397495386
Uttar Pradesh,2020,1265636.3742565645,1255135.211845556,1276137.536667573,1249576.2322578023,1281696.5162553268
Uttar Pradesh,2021,1300348.9744424592,1285498.0881401284,1315199.86074479,1277636.5038141718,1323061.4450707466
Uttar Pradesh,2022,1335061.574628354,1316873.0277939548,1353250.1214627533,1307244.592709727,1362878.5565469812
Uttar Pradesh,2023,1369774.1748142485,1348771.8499922315,1390776.4996362654,1337653.8908167237,1401894.4588117732
Uttar Pradesh,2024,1404486.7750001433,1381005.4620063626,1427968.087993924,1368575.2057626112,1440398.3442376754
Uttar Pradesh,2025,1439199.375186038,1413476.8855729722,1464921.8647991037,1399860.2220924282,1478538.5282796477
Uttar Pradesh,2026,1473911.9753719326,1446128.5111553045,1501695.4395885607,1431420.8336228237,1516403.1171210415
Uttar Pradesh,2027,1508624.5755578273,1478922.8029531657,1538326.3481624888,1463199.6343012522,1554049.5168144023
Uttar Pradesh,2028,1543337.175743722,1511833.6885106964,1574840.6629767474,1495156.7497474349,1591517.601740009
Uttar Pradesh,2029,1578049.7759296168,1544842.1846314846,1611257.367227749,1527263.1476677987,1628836.4041914348
Uttar Pradesh,2030,1612762.3761155112,1577933.960535612,1647590.7916954104,1559496.911025788,1666027.8412052344
Uttarakhand,2020,76339.80320011749,76178.0857511239,76501.52064911107,76092.4777048188,76587.12869541618
Uttarakhand,2021,78285.17064517247,78056.46763553335,78513.8736548116,77935.39957540041,78634.94171494454
Uttarakhand,2022,80230.53809022748,79950.43525210014,80510.64092835481,79802.157766363,80658.91841409195
Uttarakhand,2023,82175.90553528247,81852.47063729528,82499.34043326965,81681.25454468509,82670.55652587985
Uttarakhand,2024,84121.27298033747,83759.66177123995,84482.88418943499,83568.23636028079,84674.30960039415
Uttarakhand,2025,86066.64042539246,85670.51519285359,86462.76565793132,85460.81916152954,86672.46168925537
Uttarakhand,2026,88012.00787044744,87584.14371775063,88439.87202314426,87357.64611700123,88666.36962389365
Uttarakhand,2027,89957.37531550243,89499.9692962242,90414.78133478067,89257.83317595832,90656.91745504654
Uttarakhand,2028,91902.74276055742,91417.59041357665,92387.89510753819,91160.76627466134,92644.7192464535
Uttarakhand,2029,93848.11020561242,93336.71472940057,94359.50568182427,93065.99831703928,94630.22209418556
Uttarakhand,2030,95793.47765066741,95257.12155030222,96329.8337510326,94973.19178167284,96613.76351966198
West Bengal,2020,723076.322138375,718163.2143842656,727989.4298924844,715562.3722442661,730590.272032484
West Bengal,2021,742344.9663232891,735396.782704027,749293.1499425512,731718.6364760484,752971.2961705298
West Bengal,2022,761613.6105082032,753103.858255025,770123.3627613813,748599.0675260797,774628.1534903266
West Bengal,2023,780882.2546931172,771056.0391848983,790708.4702013362,765854.3549048994,795910.1544813351
West Bengal,2024,800150.8988780312,789164.8559590611,811136.9417970013,783349.1961352762,816952.6016207861
West Bengal,2025,819419.5430629454,807384.9360140658,831454.150111825,801014.1998695388,837824.886256352
West Bengal,2026,838688.1872478593,825689.3259660226,851687.0485296961,818808.1444642469,858568.2300314717
West Bengal,2027,857956.8314327735,844060.4641942495,871853.1986712975,836704.171738292,879209.491127255
West Bengal,2028,877225.4756176875,862486.152355359,891964.7988800158,854683.6259353606,899767.3253000143
West Bengal,2029,896494.1198026015,880957.5089097811,912030.7306954219,872732.9239128362,920255.3156923668
West Bengal,2030,915762.7639875156,899467.8290125488,932057.6989624824,890841.8114952255,940683.7164798056
